pseudo_mu,pseudo_sigma,expected_loglik,converged,n_support,pseudo_mu_se,pseudo_sigma_se,pseudo_q0.5,pseudo_q0.5_se,physical_q0.5,pseudo_minus_physical_q0.5,pseudo_q0.95,pseudo_q0.95_se,physical_q0.95,pseudo_minus_physical_q0.95,pseudo_q0.99,pseudo_q0.99_se,physical_q0.99,pseudo_minus_physical_q0.99,n_replicates,n_boot,cell,block,dgp,pol,prior_name,scale,design_mean,design_sd,design_q05,design_q50,design_q95,design_min,design_max,design_n
29.61793592067556,3.966499290196449,-0.34662357080317524,True,136,0.01995819925315883,0.017632505664632037,29.61793592067556,0.01995819925315883,29.355858727356058,0.2620771933195023,36.14224666445563,0.014006141196576354,36.2741309468711,-0.13188428241547,38.845393111808576,0.024603274344101332,38.92787333480589,-0.08248022299731161,22,100,II|beta_cdf|entropy_q0.95|shifted|s3,II,beta_cdf,entropy_q0.95,shifted,s3,32.017962539972594,5.0317438576272435,20.663316582914575,34.030150753768844,36.0,13.206030150753769,36.0,1100
27.95132838943704,2.685541240765381,-0.1222886265884567,True,5,3.570611593983174e-15,8.926528984957934e-16,27.95132838943704,3.570611593983174e-15,29.355858727356058,-1.4045303379190166,32.368650639637735,7.141223187966347e-15,36.2741309468711,-3.9054803072333613,34.198831545540585,7.141223187966347e-15,38.92787333480589,-4.7290417892653025,22,100,II|beta_cdf|fixed_design|shifted|s3,II,beta_cdf,fixed_design,shifted,s3,22.0,1.8667619023324857,19.36,22.0,24.64,19.36,24.64,1100
29.535574009789947,3.936787776401479,-0.42938195682357033,True,114,0.011157883744320727,0.013383453443404884,29.535574009789947,0.011157883744320727,29.355858727356058,0.17971528243388946,36.011013662342144,0.020291744570177676,36.2741309468711,-0.26311728452895267,38.693911883971495,0.028543672965099305,38.92787333480589,-0.2339614508343928,22,100,II|beta_cdf|entropy_vector|shifted|s3,II,beta_cdf,entropy_vector,shifted,s3,28.746094106898123,4.356895533658507,22.21105527638191,28.12060301507538,35.43718592964824,17.42713567839196,36.0,1100
29.5402427194722,3.7949228955263496,-0.23067578488323706,True,200,0.007990311428435613,0.010420786662192864,29.5402427194722,0.007990311428435613,29.355858727356058,0.18438399211614254,35.7823354081799,0.018263812447609253,36.2741309468711,-0.49179553869119985,38.368553529628834,0.02484914373045532,38.92787333480589,-0.5593198051770543,22,100,II|beta_cdf|uniform_grid|shifted|s3,II,beta_cdf,uniform_grid,shifted,s3,21.782932846048425,7.987410627668252,9.266331658291458,21.92964824120603,34.311557788944725,8.0,36.0,1100
30.000000013234015,2.9999999940782294,-0.304928897055418,True,115,1.0275192805351979e-08,6.0963724246485215e-09,30.000000013234015,1.0275192805351979e-08,30.0,1.3234014772933733e-08,34.93456088434799,9.49433841599697e-09,34.93456088085442,3.49356810147583e-09,36.97904362158044,1.1944408102686364e-08,36.979043622122525,-5.420872639660956e-10,22,100,II|probit_center|entropy_q0.95|shifted|s3,II,probit_center,entropy_q0.95,shifted,s3,32.34772042028323,3.9917055948588134,22.492462311557787,33.74874371859296,36.0,13.487437185929648,36.0,1100
29.999999989205755,3.000000002137808,-0.4173599783460455,True,97,7.247058293480093e-09,7.2051719364887095e-09,29.999999989205755,7.247058293480093e-09,30.0,-1.079424549743635e-08,34.93456087357655,1.5001403163817104e-08,34.93456088085442,-7.2778689741426206e-09,36.97904361630156,1.94634582482223e-08,36.979043622122525,-5.8209650433127536e-09,22,100,II|probit_center|entropy_vector|shifted|s3,II,probit_center,entropy_vector,shifted,s3,29.64659661946094,3.5326129875794257,24.603015075376884,29.175879396984925,35.15577889447236,21.78894472361809,36.0,1100
30.000000040132207,3.000000017096609,-0.05164063548216409,True,5,3.570611593983174e-15,1.3389793477436902e-15,30.000000040132207,3.570611593983174e-15,30.0,4.0132206891030364e-08,34.93456094910805,0.0,34.93456088085442,6.825362675044744e-08,36.97904370202739,7.141223187966347e-15,36.979043622122525,7.99048649469114e-08,22,100,II|probit_center|fixed_design|shifted|s3,II,probit_center,fixed_design,shifted,s3,22.0,1.8667619023324857,19.36,22.0,24.64,19.36,24.64,1100
38.000000096765646,3.0000001066642943,-0.2883893135246629,True,95,5.5560168051843555e-08,5.7909063755340753e-08,38.000000096765646,5.5560168051843555e-08,38.0,9.676564616256655e-08,42.934561153067214,1.4912996371902018e-07,42.93456088085442,2.722127945276043e-07,44.97904396702642,1.8839233644156006e-07,44.979043622122525,3.4490389566599333e-07,22,100,II|probit_shift38|entropy_q0.95|shifted|s3,II,probit_shift38,entropy_q0.95,shifted,s3,32.84645043398812,3.5209239010954856,26.143718592964824,33.46733668341709,36.0,15.879396984924623,36.0,1100
30.0,3.0000000000000004,-0.19414435479729902,True,199,7.410738289915074e-09,6.709160742022551e-09,30.0,7.410738289915074e-09,30.0,0.0,34.93456088085442,1.2813676673345514e-08,34.93456088085442,0.0,36.979043622122525,1.675787927457774e-08,36.979043622122525,0.0,22,100,II|probit_center|uniform_grid|shifted|s3,II,probit_center,uniform_grid,shifted,s3,22.09363179534034,7.986843795004359,9.125628140703517,22.21105527638191,34.311557788944725,8.0,36.0,1100
38.000000013951045,3.000000021770509,-0.398602393618111,True,54,1.2750985588890794e-08,1.4577644291042364e-08,38.000000013951045,1.2750985588890794e-08,38.0,1.3951044763871323e-08,42.934560930614765,3.665583546098806e-08,42.93456088085442,4.9760345177674026e-08,44.97904368671934,4.658213371116627e-08,44.979043622122525,6.459681856085808e-08,22,100,II|probit_shift38|entropy_vector|shifted|s3,II,probit_shift38,entropy_vector,shifted,s3,34.3310004568296,2.562739530572012,29.668341708542712,35.015075376884425,36.0,21.78894472361809,36.0,1100
37.999999519285666,2.999999892837028,-1.2469752800819347e-05,True,5,0.0,0.0,37.999999519285666,0.0,38.0,-4.80714334116783e-07,42.93456022387268,0.0,42.93456088085442,-6.569817401214095e-07,44.97904289210984,2.1423669563899043e-14,44.979043622122525,-7.300126867448853e-07,22,100,II|probit_shift38|fixed_design|shifted|s3,II,probit_shift38,fixed_design,shifted,s3,22.0,1.8667619023324857,19.36,22.0,24.64,19.36,24.64,1100
38.00000000206849,2.9999999956392127,-0.046367500557245006,True,199,1.9656423872983552e-08,1.3499421877018666e-08,38.00000000206849,1.9656423872983552e-08,38.0,2.068489379780658e-09,42.93456087575005,4.066711232408742e-08,42.93456088085442,-5.104368483443977e-09,44.979043614046304,4.967747227147123e-08,44.979043622122525,-8.076220581187954e-09,22,100,II|probit_shift38|uniform_grid|shifted|s3,II,probit_shift38,uniform_grid,shifted,s3,21.784595705801735,8.247551524371646,8.984924623115578,22.07035175879397,34.311557788944725,8.0,36.0,1100
30.067394020600233,3.4927369472442242,-0.35475318796630156,True,122,0.03201941341095952,0.05203276091859426,30.067394020600233,0.03201941341095952,30.0,0.0673940206002328,35.81243505626231,0.10685797585304413,37.93456088085442,-2.1221258245921106,38.19271519240573,0.14148183486442126,42.85904362212253,-4.666328429716799,22,100,II|tail_1.0|entropy_q0.95|shifted|s3,II,tail_1.0,entropy_q0.95,shifted,s3,32.16557332115121,4.360288782809027,22.35175879396985,33.608040201005025,36.0,13.206030150753769,36.0,1100
30.000000040132207,3.000000017096609,-0.05164063548216409,True,5,3.570611593983174e-15,1.3389793477436902e-15,30.000000040132207,3.570611593983174e-15,30.0,4.0132206891030364e-08,34.93456094910805,0.0,37.93456088085442,-2.9999999317463732,36.97904370202739,7.141223187966347e-15,42.85904362212253,-5.879999920095138,22,100,II|tail_1.0|fixed_design|shifted|s3,II,tail_1.0,fixed_design,shifted,s3,22.0,1.8667619023324857,19.36,22.0,24.64,19.36,24.64,1100
30.117082837341307,3.1928555801967895,-0.42822347195810917,True,95,0.03040606997726192,0.045549371676452954,30.117082837341307,0.03040606997726192,30.0,0.11708283734130731,35.36886291876024,0.10465507160573723,37.93456088085442,-2.565697962094177,37.544775628451546,0.13563489942956225,42.85904362212253,-5.314267993670981,22,100,II|tail_1.0|entropy_vector|shifted|s3,II,tail_1.0,entropy_vector,shifted,s3,29.691621745089083,3.597770178718144,24.743718592964825,29.246231155778894,35.57788944723618,21.78894472361809,36.0,1100
30.107586608365107,3.1646355921083758,-0.20068025223492597,True,199,0.010897250599070324,0.011975239559454676,30.107586608365107,0.010897250599070324,30.0,0.10758660836510714,35.31294894002429,0.029275483510693513,37.93456088085442,-2.621611940830128,37.46962989018041,0.03728676325866261,42.85904362212253,-5.3894137319421205,22,100,II|tail_1.0|uniform_grid|shifted|s3,II,tail_1.0,uniform_grid,shifted,s3,22.14671539515761,7.9228711492546955,9.266331658291458,22.21105527638191,34.311557788944725,8.0,36.0,1100
29.64915371629005,1.5670487783249203,-0.33386298178166396,True,81,0.01430497703637759,0.017799542395837902,29.64915371629005,0.01430497703637759,30.00000000000299,-0.35084628371294,32.22671958292767,0.02629215913279093,31.907344810864267,0.31937477206340503,33.29465431026453,0.03735229638876424,32.467664584118516,0.8269897261460102,22,100,Ib|cloglog_1.0|entropy_vector|cal|s1.5,Ib,cloglog_1.0,entropy_vector,cal,s1.5,29.63020557332115,2.3217395394714115,26.130653266331656,29.507537688442213,32.743718592964825,22.472361809045225,34.99497487437186,1100
29.71232416637096,1.5850535421848821,-0.3209348520886087,True,5,1.7853057969915867e-14,2.2316322462394835e-16,29.71232416637096,1.7853057969915867e-14,30.00000000000299,-0.28767583363203286,32.31950523414604,0.0,31.907344810864267,0.41216042328177593,33.39971010447366,7.141223187966347e-15,32.467664584118516,0.9320455203551461,22,100,Ib|cloglog_1.0|fixed_design|cal|s1.5,Ib,cloglog_1.0,fixed_design,cal,s1.5,30.0,2.545584412271572,26.4,30.0,33.6,26.4,33.6,1100
29.820955730629642,5.941554343035354,-0.6392558338556472,True,5,7.141223187966347e-15,8.926528984957934e-16,29.820955730629642,7.141223187966347e-15,30.00000000009181,-0.17904426946216745,39.593942941500615,7.141223187966347e-15,37.62937924766899,1.9645636938316215,43.643078045048064,7.141223187966347e-15,39.87065834190087,3.772419703147193,22,100,Ib|cloglog_1.0|fixed_design|cal|s6.0,Ib,cloglog_1.0,fixed_design,cal,s6.0,30.0,2.545584412271572,26.4,30.0,33.6,26.4,33.6,1100
29.018870571898297,6.123458021795722,-0.42730238617278543,True,186,0.04828181230533682,0.06120531356358664,29.018870571898297,0.04828181230533682,30.00000000009181,-0.9811294281935119,39.09106270853408,0.08825971578348164,37.62937924766899,1.461683460865089,43.26416412268111,0.12645324108985728,39.87065834190087,3.393505780780238,22,100,Ib|cloglog_1.0|entropy_vector|cal|s6.0,Ib,cloglog_1.0,entropy_vector,cal,s6.0,29.314006395614435,6.8545472421864435,18.66633165829146,29.78894472361809,38.3788944723618,16.0,44.0,1100
29.999999994752415,1.4999999950764829,-0.33261904395681124,True,81,5.069999368068962e-09,4.151842589176089e-09,29.999999994752415,5.069999368068962e-09,30.0,-5.247585477263783e-09,32.46728042708116,9.9836047305309e-09,32.46728044042721,-1.3346053151508386e-08,33.48952179435986,1.2555762533972178e-08,33.48952181106126,-1.6701399374596804e-08,22,100,Ib|probit|entropy_vector|cal|s1.5,Ib,probit,entropy_vector,cal,s1.5,30.022384650525353,2.298226382754591,26.69346733668342,29.92964824120603,33.45427135678391,23.879396984924625,37.38693467336684,1100
29.99999999920178,5.999999938090027,-0.43406881015239007,True,182,2.500633075345083e-08,4.0196421254208395e-08,29.99999999920178,2.500633075345083e-08,30.0,-7.982201566392177e-10,39.86912165907777,6.854606955885796e-08,39.86912176170883,-1.0263106275942846e-07,43.95808709942269,9.459275578059317e-08,43.95808724424504,-1.4482235144441802e-07,22,100,Ib|probit|entropy_vector|cal|s6.0,Ib,probit,entropy_vector,cal,s6.0,30.16833257195066,6.629823172807713,20.22110552763819,30.07035175879397,39.7859296482412,16.7035175879397,44.0,1100
30.00000005756231,5.99999994980869,-0.6403877072164654,True,5,3.570611593983174e-15,2.6779586954873804e-15,30.00000005756231,3.570611593983174e-15,30.0,5.7562310473713296e-08,39.86912173671379,7.141223187966347e-15,39.86912176170883,-2.4995046032927348e-08,43.95808718504491,7.141223187966347e-15,43.95808724424504,-5.92001327959224e-08,22,100,Ib|probit|fixed_design|cal|s6.0,Ib,probit,fixed_design,cal,s6.0,30.0,2.545584412271572,26.4,30.0,33.6,26.4,33.6,1100
29.999999995460907,1.5000000087246783,-0.3050169660380057,True,5,1.4282446375932695e-14,4.463264492478967e-16,29.999999995460907,1.4282446375932695e-14,30.0,-4.539092657296351e-09,32.46728045023893,7.141223187966347e-15,32.46728044042721,9.811721213281999e-09,33.4895218268188,1.4282446375932695e-14,33.48952181106126,1.5757542826122517e-08,22,100,Ib|probit|fixed_design|cal|s1.5,Ib,probit,fixed_design,cal,s1.5,30.0,2.545584412271572,26.4,30.0,33.6,26.4,33.6,1100
30.13408419148532,1.7092284243483011,-0.3509183691187444,True,89,0.027114407108437405,0.034865307899580526,30.13408419148532,0.027114407108437405,30.0,0.13408419148532147,32.94551476456317,0.08408539126180598,33.96728044042721,-1.0217656758640388,34.110344102718166,0.10780685755722724,36.429521811061264,-2.3191777083430978,22,100,Ib|tail_1.0|entropy_vector|cal|s1.5,Ib,tail_1.0,entropy_vector,cal,s1.5,30.147227044312473,2.4956270994521184,26.68643216080402,30.07035175879397,34.29145728643216,23.879396984924625,37.527638190954775,1100
30.198408611666277,6.3980378300863086,-0.4544106865242952,True,182,0.033377298474644046,0.0697801314347878,30.198408611666277,0.033377298474644046,30.0,0.19840861166627732,40.72224434185647,0.14648715313254643,45.86912176170883,-5.146877419852366,45.082470315720435,0.19392595623271802,55.71808724424505,-10.635616928524612,22,100,Ib|tail_1.0|entropy_vector|cal|s6.0,Ib,tail_1.0,entropy_vector,cal,s6.0,30.424157149383284,6.675530028465147,20.36180904522613,30.21105527638191,40.489447236180894,16.7035175879397,44.0,1100
30.00000005756231,5.99999994980869,-0.6403877072164654,True,5,3.570611593983174e-15,2.6779586954873804e-15,30.00000005756231,3.570611593983174e-15,30.0,5.7562310473713296e-08,39.86912173671379,7.141223187966347e-15,45.86912176170883,-6.000000024995046,43.95808718504491,7.141223187966347e-15,55.71808724424505,-11.760000059200138,22,100,Ib|tail_1.0|fixed_design|cal|s6.0,Ib,tail_1.0,fixed_design,cal,s6.0,30.0,2.545584412271572,26.4,30.0,33.6,26.4,33.6,1100
30.14564217919922,1.7578805771078605,-0.35006747800950944,True,5,3.570611593983174e-15,6.694896738718451e-16,30.14564217919922,3.570611593983174e-15,30.0,0.1456421791992213,33.03709842220263,0.0,33.96728044042721,-0.9301820182245777,34.235083922571775,1.4282446375932695e-14,36.429521811061264,-2.194437888489489,22,100,Ib|tail_1.0|fixed_design|cal|s1.5,Ib,tail_1.0,fixed_design,cal,s1.5,30.0,2.545584412271572,26.4,30.0,33.6,26.4,33.6,1100
29.52952191561193,3.0183702881414454,-0.4415097136905963,True,90,0.021681936136895587,0.02452624176414915,29.52952191561193,0.021681936136895587,30.000000000036525,-0.47047808442459527,34.49429923154395,0.04205013341108367,33.81468962342685,0.6796096081170973,36.55130121849782,0.057093922626301176,34.935329170425796,1.6159720480720239,22,100,Ic|cloglog_1.0|entropy_vector|narrow|s3,Ic,cloglog_1.0,entropy_vector,narrow,s3,29.740593878483327,3.1717732079625653,25.00502512562814,29.92964824120603,33.86934673366834,23.035175879396984,35.97989949748744,1100
29.496677842106063,3.1788472809986903,-0.42341116652714994,True,104,0.031570850338077626,0.03566595825840617,29.496677842106063,0.031570850338077626,30.000000000036525,-0.5033221579304623,34.72541632178159,0.06383794829096,33.81468962342685,0.9107266983547362,36.89178245615787,0.0858341857200169,34.935329170425796,1.9564532857320742,22,100,Ic|cloglog_1.0|entropy_vector|shifted|s3,Ic,cloglog_1.0,entropy_vector,shifted,s3,29.00063956144358,3.648766139042174,23.32964824120603,28.542713567839197,34.17085427135679,17.42713567839196,36.0,1100
29.699269762326338,2.9340540506242325,-0.5125526301346293,True,5,1.0711834781949522e-14,4.463264492478967e-16,29.699269762326338,1.0711834781949522e-14,30.000000000036525,-0.30073023771018725,34.52535920916726,7.141223187966347e-15,33.81468962342685,0.710669585740412,36.524900165316936,7.141223187966347e-15,34.935329170425796,1.5895709948911403,22,100,Ic|cloglog_1.0|fixed_design|narrow|s3,Ic,cloglog_1.0,fixed_design,narrow,s3,30.0,2.545584412271572,26.4,30.0,33.6,26.4,33.6,1100
32.66756138414346,5.794333097148236,-0.15786112110320857,True,5,7.141223187966347e-15,8.926528984957934e-16,32.66756138414346,7.141223187966347e-15,30.000000000036525,2.6675613841069357,42.198391194752695,7.141223187966347e-15,33.81468962342685,8.383701571325844,46.14719586617874,1.4282446375932695e-14,34.935329170425796,11.211866695752946,22,100,Ic|cloglog_1.0|fixed_design|shifted|s3,Ic,cloglog_1.0,fixed_design,shifted,s3,22.0,1.8667619023324857,19.36,22.0,24.64,19.36,24.64,1100
29.999999994602877,3.0000000010689045,-0.4310150268340443,True,100,5.672163863330519e-09,6.091843206384642e-09,29.999999994602877,5.672163863330519e-09,30.0,-5.397122748718175e-09,34.93456087721549,1.2167303056902164e-08,34.93456088085442,-3.6389309343576315e-09,36.97904361921204,1.596512271931469e-08,36.979043622122525,-2.9104825216563768e-09,22,100,Ic|probit|entropy_vector|narrow|s3,Ic,probit,entropy_vector,narrow,s3,30.071630881681127,3.3290202195922167,25.28643216080402,30.07035175879397,34.99497487437186,23.457286432160803,38.231155778894475,1100
29.999999989205755,3.000000002137808,-0.4173599783460455,True,97,7.247058293480093e-09,7.2051719364887095e-09,29.999999989205755,7.247058293480093e-09,30.0,-1.079424549743635e-08,34.93456087357655,1.5001403163817104e-08,34.93456088085442,-7.2778689741426206e-09,36.97904361630156,1.94634582482223e-08,36.979043622122525,-5.8209650433127536e-09,22,100,Ic|probit|entropy_vector|shifted|s3,Ic,probit,entropy_vector,shifted,s3,29.64659661946094,3.5326129875794257,24.603015075376884,29.175879396984925,35.15577889447236,21.78894472361809,36.0,1100
30.000000040132207,3.000000017096609,-0.05164063548216409,True,5,3.570611593983174e-15,1.3389793477436902e-15,30.000000040132207,3.570611593983174e-15,30.0,4.0132206891030364e-08,34.93456094910805,0.0,34.93456088085442,6.825362675044744e-08,36.97904370202739,7.141223187966347e-15,36.979043622122525,7.99048649469114e-08,22,100,Ic|probit|fixed_design|shifted|s3,Ic,probit,fixed_design,shifted,s3,22.0,1.8667619023324857,19.36,22.0,24.64,19.36,24.64,1100
30.12815685646952,3.2416540466951993,-0.44076666288912425,True,101,0.026431249894479487,0.04486693556478463,30.12815685646952,0.026431249894479487,30.0,0.1281568564695199,35.460203272498035,0.0995194347181283,37.93456088085442,-2.474357608356385,37.66937185637479,0.1300369063157476,42.85904362212253,-5.18967176574774,22,100,Ic|tail_1.0|entropy_vector|narrow|s3,Ic,tail_1.0,entropy_vector,narrow,s3,30.188414801279123,3.5051033391158932,25.28643216080402,30.07035175879397,35.8391959798995,23.457286432160803,38.231155778894475,1100
30.000000004525205,2.9999999920766056,-0.5187709543170788,True,5,1.0711834781949522e-14,0.0,30.000000004525205,1.0711834781949522e-14,30.0,4.52520509952592e-09,34.9345608723468,1.4282446375932695e-14,34.93456088085442,-8.507619497777341e-09,36.97904360821516,0.0,36.979043622122525,-1.390736770190415e-08,22,100,Ic|probit|fixed_design|narrow|s3,Ic,probit,fixed_design,narrow,s3,30.0,2.545584412271572,26.4,30.0,33.6,26.4,33.6,1100
30.025294238390657,3.051791321136816,-0.5231395824628018,True,5,0.0,0.0,30.025294238390657,0.0,30.0,0.025294238390657142,35.04504426166157,7.141223187966347e-15,37.93456088085442,-2.8895166191928467,37.12482249033358,0.0,42.85904362212253,-5.734221131788949,22,100,Ic|tail_1.0|fixed_design|narrow|s3,Ic,tail_1.0,fixed_design,narrow,s3,30.0,2.545584412271572,26.4,30.0,33.6,26.4,33.6,1100
30.117082837341307,3.1928555801967895,-0.42822347195810917,True,95,0.03040606997726192,0.045549371676452954,30.117082837341307,0.03040606997726192,30.0,0.11708283734130731,35.36886291876024,0.10465507160573723,37.93456088085442,-2.565697962094177,37.544775628451546,0.13563489942956225,42.85904362212253,-5.314267993670981,22,100,Ic|tail_1.0|entropy_vector|shifted|s3,Ic,tail_1.0,entropy_vector,shifted,s3,29.691621745089083,3.597770178718144,24.743718592964825,29.246231155778894,35.57788944723618,21.78894472361809,36.0,1100
30.000000040132207,3.000000017096609,-0.05164063548216409,True,5,3.570611593983174e-15,1.3389793477436902e-15,30.000000040132207,3.570611593983174e-15,30.0,4.0132206891030364e-08,34.93456094910805,0.0,37.93456088085442,-2.9999999317463732,36.97904370202739,7.141223187966347e-15,42.85904362212253,-5.879999920095138,22,100,Ic|tail_1.0|fixed_design|shifted|s3,Ic,tail_1.0,fixed_design,shifted,s3,22.0,1.8667619023324857,19.36,22.0,24.64,19.36,24.64,1100
29.552778600319876,4.039432041135965,-0.30102158330577766,True,155,0.018134548545253728,0.012867902190207269,29.552778600319876,0.018134548545253728,29.355858727356058,0.19691987296381797,36.19705304400636,0.005215021859959795,36.2741309468711,-0.07707790286473681,38.94990274154898,0.01283451020859875,38.92787333480589,0.02202940674309417,30,100,I|beta_cdf|entropy_q0.95|cal|s3,I,beta_cdf,entropy_q0.95,cal,s3,33.958083752093806,4.299274802976449,24.013065326633168,34.99497487437186,38.79396984924623,16.14070351758794,41.8894472361809,1500
29.41565688307314,4.102936770095535,-0.5849043610419148,True,5,7.141223187966347e-15,8.926528984957934e-16,29.41565688307314,7.141223187966347e-15,29.355858727356058,0.05979815571708258,36.16438731051734,1.4282446375932695e-14,36.2741309468711,-0.10974363635375539,38.96051511550888,7.141223187966347e-15,38.92787333480589,0.032641780702995504,30,100,I|beta_cdf|fixed_design|cal|s3,I,beta_cdf,fixed_design,cal,s3,30.0,2.5455844122715723,26.4,30.0,33.6,26.4,33.6,1500
29.566995488601922,3.8790056862472033,-0.24061037065202204,True,200,0.007493433334660409,0.008471776256118578,29.566995488601922,0.007493433334660409,29.355858727356058,0.21113676124586434,35.94739206059102,0.012697651189945796,36.2741309468711,-0.32673888628007575,38.59091212019543,0.017848016883703764,38.92787333480589,-0.33696121461045436,30,100,I|beta_cdf|uniform_grid|cal|s3,I,beta_cdf,uniform_grid,cal,s3,30.124006700167506,8.292448185883037,17.12562814070352,30.21105527638191,42.5929648241206,16.0,44.0,1500
29.53667573112114,3.9801596358298994,-0.419893518665835,True,128,0.011778732623350583,0.012415842089043158,29.53667573112114,0.011778732623350583,29.355858727356058,0.1808170037650818,36.0834557439618,0.013162639887295003,36.2741309468711,-0.19067520290929707,38.79591163827719,0.020783387746344344,38.92787333480589,-0.13196169652869827,30,100,I|beta_cdf|entropy_vector|cal|s3,I,beta_cdf,entropy_vector,cal,s3,29.727879396984925,4.558513807798417,23.175879396984925,29.92964824120603,36.824120603015075,19.939698492462313,39.35678391959799,1500
29.72136257669908,2.909100955848823,-0.28344118236716165,True,143,0.020691644736478578,0.01655149196786664,29.72136257669908,0.020691644736478578,30.000000000018122,-0.2786374233190436,34.50640783509501,0.014635313184803744,34.33525179345518,0.17115604163983278,36.488943400708166,0.023661559747051874,36.19689957324815,0.292043827460013,30,100,I|cloglog_0.5|entropy_q0.95|cal|s3,I,cloglog_0.5,entropy_q0.95,cal,s3,32.96443551088777,3.4348606331981792,25.413065326633166,33.7286432160804,36.824120603015075,18.391959798994975,40.482412060301506,1500
29.735535779837072,3.0228749642514545,-0.4047125813866147,True,110,0.01304974460310133,0.01583021812464317,29.735535779837072,0.01304974460310133,30.000000000018122,-0.26446422018105054,34.70772262860688,0.025724404347803584,34.33525179345518,0.3724708351517023,36.767794526414725,0.035533850027712074,36.19689957324815,0.5708949531665723,30,100,I|cloglog_0.5|entropy_vector|cal|s3,I,cloglog_0.5,entropy_vector,cal,s3,29.723095477386934,3.591165167067202,24.582914572864322,29.78894472361809,34.85427135678392,20.64321608040201,37.527638190954775,1500
29.678980886762346,3.230697075509601,-0.20143846556337433,True,198,0.012459683003255003,0.011694770513112693,29.678980886762346,0.012459683003255003,30.000000000018122,-0.32101911325577603,34.993004688995825,0.025858222098405746,34.33525179345518,0.6577528955406464,37.19470616004407,0.033138967221204636,36.19689957324815,0.9978065867959174,30,100,I|cloglog_0.5|uniform_grid|cal|s3,I,cloglog_0.5,uniform_grid,cal,s3,30.27409045226131,8.25255493863424,17.266331658291456,30.21105527638191,42.733668341708544,16.0,44.0,1500
29.470102194818885,2.8276755360579253,-0.29445300735634505,True,135,0.04136435883849189,0.029741065443493614,29.470102194818885,0.04136435883849189,30.000000000036525,-0.5298978052176402,34.12121455614571,0.042170248485875673,33.81468962342685,0.30652493271885817,36.04825916660454,0.05664406964424428,34.935329170425796,1.1129299961787424,30,100,I|cloglog_1.0|entropy_q0.95|cal|s3,I,cloglog_1.0,entropy_q0.95,cal,s3,32.48013400335009,3.2140369862319838,24.723618090452263,33.30653266331658,35.8391959798995,18.532663316582916,40.06030150753769,1500
29.849122363502023,2.9725208469776994,-0.5163228994521144,True,5,0.0,4.463264492478967e-16,29.849122363502023,0.0,30.000000000018122,-0.15087763651609976,34.73848405984215,0.0,34.33525179345518,0.40323226638697207,36.76423991641067,7.141223187966347e-15,36.19689957324815,0.5673403431625204,30,100,I|cloglog_0.5|fixed_design|cal|s3,I,cloglog_0.5,fixed_design,cal,s3,30.0,2.5455844122715723,26.4,30.0,33.6,26.4,33.6,1500
29.432297825182857,3.0739373356566544,-0.39580724729815736,True,108,0.02293098025817487,0.03557694068797933,29.432297825182857,0.02293098025817487,30.000000000036525,-0.5677021748536681,34.48847480075925,0.05920133917188935,33.81468962342685,0.6737851773323982,36.58334541092248,0.08213223079188699,34.935329170425796,1.6480162404966876,30,100,I|cloglog_1.0|entropy_vector|cal|s3,I,cloglog_1.0,entropy_vector,cal,s3,29.518981574539367,3.6991845463212494,24.160804020100503,29.78894472361809,34.57286432160804,19.939698492462313,37.527638190954775,1500
29.699269762326338,2.9340540506242325,-0.5125526301346293,True,5,1.0711834781949522e-14,4.463264492478967e-16,29.699269762326338,1.0711834781949522e-14,30.000000000036525,-0.30073023771018725,34.52535920916726,7.141223187966347e-15,33.81468962342685,0.710669585740412,36.524900165316936,7.141223187966347e-15,34.935329170425796,1.5895709948911403,30,100,I|cloglog_1.0|fixed_design|cal|s3,I,cloglog_1.0,fixed_design,cal,s3,30.0,2.5455844122715723,26.4,30.0,33.6,26.4,33.6,1500
29.363503097275057,3.3879712894441423,-0.21111433405928254,True,200,0.023281763560403793,0.01900801369762721,29.363503097275057,0.023281763560403793,30.000000000036525,-0.6364969027614684,34.93621996072471,0.04707923387156623,33.81468962342685,1.1215303372978624,37.24510290378484,0.05901699314257482,34.935329170425796,2.3097737333590445,30,100,I|cloglog_1.0|uniform_grid|cal|s3,I,cloglog_1.0,uniform_grid,cal,s3,30.09558458961474,8.21557445956784,17.25929648241206,29.92964824120603,42.5929648241206,16.0,44.0,1500
29.9599672307167,3.187299339458623,-0.27774781892287687,True,142,0.006529544901176685,0.010316658834497975,29.9599672307167,0.006529544901176685,30.0,-0.04003276928330024,35.20260810940525,0.012521689888091532,35.21198473697024,-0.009376627564989803,37.37473427299804,0.019308787370011564,37.815574562163114,-0.4408402891650738,30,100,I|logistic_0.5|entropy_q0.95|cal|s3,I,logistic_0.5,entropy_q0.95,cal,s3,33.57002345058626,3.749708141573157,25.28643216080402,34.4321608040201,37.80904522613065,16.14070351758794,40.482412060301506,1500
30.002908014430364,3.1071926081224706,-0.41025622041596144,True,110,0.00314007369342945,0.0041403387719142915,30.002908014430364,0.00314007369342945,30.0,0.0029080144303641475,35.11378504553741,0.00744570476430623,35.21198473697024,-0.09819969143282492,37.23131893257149,0.010074720227995769,37.815574562163114,-0.5842556295916239,30,100,I|logistic_0.5|entropy_vector|cal|s3,I,logistic_0.5,entropy_vector,cal,s3,30.037145728643218,3.632924600057315,24.8643216080402,29.92964824120603,35.27638190954774,21.48743718592965,38.231155778894475,1500
30.003132949744455,3.2558046089030093,-0.20166854723089234,True,199,0.003644890152001388,0.0048290114436999884,30.003132949744455,0.003644890152001388,30.0,0.0031329497444545495,35.35845496934389,0.009787263078262687,35.21198473697024,0.14647023237365175,37.57726707995834,0.012920695259976748,37.815574562163114,-0.2383074822047746,30,100,I|logistic_0.5|uniform_grid|cal|s3,I,logistic_0.5,uniform_grid,cal,s3,30.223155778894473,8.226895012221558,17.266331658291456,30.35175879396985,42.5929648241206,16.0,44.0,1500
30.0004091241156,3.0693136490314044,-0.5246614281646029,True,5,1.0711834781949522e-14,4.463264492478967e-16,30.0004091241156,1.0711834781949522e-14,30.0,0.0004091241155990133,35.04898081197656,1.4282446375932695e-14,35.21198473697024,-0.16300392499367433,37.14070040630434,7.141223187966347e-15,37.815574562163114,-0.6748741558587739,30,100,I|logistic_0.5|fixed_design|cal|s3,I,logistic_0.5,fixed_design,cal,s3,30.0,2.5455844122715723,26.4,30.0,33.6,26.4,33.6,1500
29.926082785404635,3.373427762202383,-0.28953193394573756,True,154,0.01200114034133852,0.02006943838692625,29.926082785404635,0.01200114034133852,30.0,-0.07391721459536527,35.47487767532201,0.025264248513457543,35.53546049727342,-0.06058282195140663,37.7738492882345,0.038491943171510265,38.638693004212946,-0.864843715978445,30,100,I|logistic_1.0|entropy_q0.95|cal|s3,I,logistic_1.0,entropy_q0.95,cal,s3,33.73502177554439,3.885851304508972,25.42010050251256,34.4321608040201,38.37185929648241,16.14070351758794,44.0,1500
30.00611056208456,3.217839945945815,-0.4193456703690214,True,110,0.006176502681664687,0.0079052571410941,30.00611056208456,0.006176502681664687,30.0,0.0061105620845616215,35.29898626812287,0.01396306517262715,35.53546049727342,-0.23647422915055216,37.4919256793393,0.0189477167365711,38.638693004212946,-1.1467673248736432,30,100,I|logistic_1.0|entropy_vector|cal|s3,I,logistic_1.0,entropy_vector,cal,s3,30.03161139028476,3.6621772974793743,24.723618090452263,29.78894472361809,35.27638190954774,21.48743718592965,38.231155778894475,1500
30.00081830044465,3.1399501440410083,-0.5304050030400924,True,5,7.141223187966347e-15,4.463264492478967e-16,30.00081830044465,7.141223187966347e-15,30.0,0.0008183004446493669,35.1655766833173,7.141223187966347e-15,35.53546049727342,-0.3698838139561218,37.30543464262868,1.4282446375932695e-14,38.638693004212946,-1.3332583615842637,30,100,I|logistic_1.0|fixed_design|cal|s3,I,logistic_1.0,fixed_design,cal,s3,30.0,2.5455844122715723,26.4,30.0,33.6,26.4,33.6,1500
30.008918629194294,3.4782728453366025,-0.2152548449744932,True,199,0.005996318092999995,0.007732703019826075,30.008918629194294,0.005996318092999995,30.0,0.008918629194294425,35.73016833437302,0.01578658071514496,35.53546049727342,0.1947078370995996,38.100591268277086,0.020793557098411696,38.638693004212946,-0.5381017359358609,30,100,I|logistic_1.0|uniform_grid|cal|s3,I,logistic_1.0,uniform_grid,cal,s3,30.13197989949749,8.208890688790616,17.266331658291456,30.21105527638191,42.5929648241206,16.0,44.0,1500
30.00643772198493,2.958121378893457,-0.26835112317085064,True,144,0.0010209043368694598,0.0015339925142661662,30.00643772198493,0.0010209043368694598,30.0,0.006437721984930533,34.872114401020525,0.0021572629359271596,34.86693113894355,0.005183262076975836,36.888057102928485,0.003143366393785672,36.83034340505614,0.05771369787234448,30,100,I|mixture_0.5|entropy_q0.95|cal|s3,I,mixture_0.5,entropy_q0.95,cal,s3,33.42275376884422,3.6061181300505947,25.42713567839196,34.150753768844226,37.38693467336684,16.844221105527637,40.482412060301506,1500
29.999386768029886,2.9717412479562806,-0.4030053592244862,True,107,0.0007909792112098507,0.0008213671199987114,29.999386768029886,0.0007909792112098507,30.0,-0.000613231970113759,34.887466138092066,0.001556514088522857,34.86693113894355,0.02053499914851642,36.912690702412455,0.002058368174252662,36.83034340505614,0.08234729735631419,30,100,I|mixture_0.5|entropy_vector|cal|s3,I,mixture_0.5,entropy_vector,cal,s3,30.028140703517586,3.541521792485731,25.00502512562814,29.92964824120603,34.99497487437186,22.190954773869347,38.231155778894475,1500
29.99953997094904,2.9563573074547933,-0.18312774220582584,True,198,0.0005262605233757683,0.0005346494398941555,29.99953997094904,0.0005262605233757683,30.0,-0.0004600290509593208,34.86231501068055,0.0009971943724307966,34.86693113894355,-0.004616128263002395,36.877055508051605,0.0013209212399690256,36.83034340505614,0.04671210299546402,30,100,I|mixture_0.5|uniform_grid|cal|s3,I,mixture_0.5,uniform_grid,cal,s3,30.225125628140702,8.25532770565302,17.266331658291456,30.35175879396985,42.5929648241206,16.0,44.0,1500
29.99987844065695,2.979670674651346,-0.5169936061310625,True,5,7.141223187966347e-15,4.463264492478967e-16,29.99987844065695,7.141223187966347e-15,30.0,-0.00012155934305013716,34.901000556978154,7.141223187966347e-15,34.86693113894355,0.03406941803460484,36.931628979973944,0.0,36.83034340505614,0.10128557491780299,30,100,I|mixture_0.5|fixed_design|cal|s3,I,mixture_0.5,fixed_design,cal,s3,30.0,2.5455844122715723,26.4,30.0,33.6,26.4,33.6,1500
30.012840468723695,2.9161474709361723,-0.26522232252750555,True,142,0.002070152000488064,0.003100842101832781,30.012840468723695,0.002070152000488064,30.0,0.012840468723695153,34.80947621301842,0.00443472966083139,34.80142875995674,0.008047453061678311,36.79681393812564,0.006425223317800917,36.67843428513263,0.11837965299300635,30,100,I|mixture_1.0|entropy_q0.95|cal|s3,I,mixture_1.0,entropy_q0.95,cal,s3,33.41506197654941,3.566102950717634,25.42713567839196,34.150753768844226,37.38693467336684,18.110552763819094,40.482412060301506,1500
29.999700721969546,2.944396443281432,-0.4046725620180873,True,105,0.001606610741643737,0.001675078289345031,29.999700721969546,0.001606610741643737,30.0,-0.00029927803045382007,34.842801890884026,0.0031726805079793437,34.80142875995674,0.04137313092728334,36.84939112813072,0.004197069250768773,36.67843428513263,0.17095684299808767,30,100,I|mixture_1.0|entropy_vector|cal|s3,I,mixture_1.0,entropy_vector,cal,s3,29.959477386934672,3.4892781306622265,25.00502512562814,29.859296482412063,34.85427135678392,22.190954773869347,37.527638190954775,1500
29.999024621739586,2.911356464637264,-0.18057273127146564,True,198,0.0010898235745509359,0.0011354063235707564,29.999024621739586,0.0010898235745509359,30.0,-0.0009753782604136063,34.7877798619468,0.00209515630578736,34.80142875995674,-0.01364889800994007,36.77185254382354,0.0027856991957580365,36.67843428513263,0.09341825869091025,30,100,I|mixture_1.0|uniform_grid|cal|s3,I,mixture_1.0,uniform_grid,cal,s3,30.175597989949747,8.248517155017506,17.266331658291456,30.21105527638191,42.5929648241206,16.0,44.0,1500
30.0,3.0000000000000004,-0.27255722688126605,True,146,1.1566600353007365e-08,9.182790090396181e-09,30.0,1.1566600353007365e-08,30.0,0.0,34.93456088085442,8.671918993284794e-09,34.93456088085442,0.0,36.979043622122525,1.3587338313983864e-08,36.979043622122525,0.0,30,100,I|probit|entropy_q0.95|cal|s3,I,probit,entropy_q0.95,cal,s3,33.424536013400335,3.6267441981442503,25.42713567839196,34.150753768844226,37.38693467336684,16.844221105527637,40.482412060301506,1500
29.999756789118383,2.9594462615474155,-0.5152027361459837,True,5,0.0,1.3389793477436902e-15,29.999756789118383,0.0,30.0,-0.0002432108816172729,34.867612706192624,0.0,34.80142875995674,0.06618394623588131,36.884458308007325,1.4282446375932695e-14,36.67843428513263,0.20602402287469346,30,100,I|mixture_1.0|fixed_design|cal|s3,I,mixture_1.0,fixed_design,cal,s3,30.0,2.5455844122715723,26.4,30.0,33.6,26.4,33.6,1500
30.0,3.0000000000000004,-0.40634803377448875,True,107,5.682663900661797e-09,6.171372477001961e-09,30.0,5.682663900661797e-09,30.0,0.0,34.93456088085442,1.2000080604176216e-08,34.93456088085442,0.0,36.979043622122525,1.5832442387182854e-08,36.979043622122525,0.0,30,100,I|probit|entropy_vector|cal|s3,I,probit,entropy_vector,cal,s3,30.028140703517586,3.541521792485731,25.00502512562814,29.92964824120603,34.99497487437186,22.190954773869347,38.231155778894475,1500
30.0,3.0000000000000004,-0.1856076848349716,True,199,5.488694789191622e-09,3.950179854852042e-09,30.0,5.488694789191622e-09,30.0,0.0,34.93456088085442,6.5371246084764275e-09,34.93456088085442,0.0,36.979043622122525,8.526205046856773e-09,36.979043622122525,0.0,30,100,I|probit|uniform_grid|cal|s3,I,probit,uniform_grid,cal,s3,30.24594974874372,8.246419978399105,17.266331658291456,30.35175879396985,42.5929648241206,16.0,44.0,1500
30.000000004525205,2.9999999920766056,-0.5187709543170788,True,5,1.0711834781949522e-14,0.0,30.000000004525205,1.0711834781949522e-14,30.0,4.52520509952592e-09,34.9345608723468,1.4282446375932695e-14,34.93456088085442,-8.507619497777341e-09,36.97904360821516,0.0,36.979043622122525,-1.390736770190415e-08,30,100,I|probit|fixed_design|cal|s3,I,probit,fixed_design,cal,s3,30.0,2.5455844122715723,26.4,30.0,33.6,26.4,33.6,1500
29.889991806461257,3.4408904382118357,-0.294115736368549,True,154,0.01793373461039839,0.031224827637349864,29.889991806461257,0.01793373461039839,30.0,-0.11000819353874292,35.54975292369664,0.037078386085681654,35.57677973360848,-0.027026809911845362,37.89469996220282,0.057938798331517556,39.737825012389216,-1.8431250501863943,30,100,I|robit_0.5|entropy_q0.95|cal|s3,I,robit_0.5,entropy_q0.95,cal,s3,33.73502177554439,3.885851304508972,25.42010050251256,34.4321608040201,38.37185929648241,16.14070351758794,44.0,1500
30.006485337206172,3.2258188692854164,-0.4201369061738598,True,110,0.006652635998772476,0.009107270725777628,30.006485337206172,0.006652635998772476,30.0,0.006485337206171948,35.31248520423878,0.016020488292269066,35.57677973360848,-0.26429452936969966,37.51086220580913,0.021820931046196004,39.737825012389216,-2.226962806580083,30,100,I|robit_0.5|entropy_vector|cal|s3,I,robit_0.5,entropy_vector,cal,s3,30.03161139028476,3.6621772974793743,24.723618090452263,29.78894472361809,35.27638190954774,21.48743718592965,38.231155778894475,1500
30.00082201087955,3.1405991373084015,-0.5304581210507703,True,5,3.570611593983174e-15,4.463264492478967e-16,30.00082201087955,3.570611593983174e-15,30.0,0.0008220108795491399,35.16664789268194,1.4282446375932695e-14,35.57677973360848,-0.410131840926546,37.306948137171446,7.141223187966347e-15,39.737825012389216,-2.43087687521777,30,100,I|robit_0.5|fixed_design|cal|s3,I,robit_0.5,fixed_design,cal,s3,30.0,2.5455844122715723,26.4,30.0,33.6,26.4,33.6,1500
29.773570820872614,3.995053869081471,-0.29738809978534053,True,167,0.03223915106177936,0.05439207874787855,29.773570820872614,0.03223915106177936,30.0,-0.22642917912738625,36.34484966729778,0.07387301220796047,36.504586384524266,-0.15973671722648675,39.067455895888926,0.10944408038110498,42.55029017330671,-3.482834277417787,30,100,I|robit_1.0|entropy_q0.95|cal|s3,I,robit_1.0,entropy_q0.95,cal,s3,34.1891189279732,4.4360518625604035,24.153768844221105,35.1356783919598,39.35678391959799,16.0,44.0,1500
30.016564854421794,3.732326590211703,-0.22935726291598818,True,199,0.009999371760313439,0.016771459802527384,30.016564854421794,0.009999371760313439,30.0,0.01656485442179445,36.15569578329894,0.031966770249260285,35.57677973360848,0.5789160496904557,38.69925488278689,0.04300897550550221,39.737825012389216,-1.038570129602327,30,100,I|robit_0.5|uniform_grid|cal|s3,I,robit_0.5,uniform_grid,cal,s3,30.182914572864323,8.199150248430842,17.266331658291456,30.21105527638191,42.5929648241206,16.0,44.0,1500
30.022307006566646,3.4767889330685584,-0.43804649263041606,True,112,0.011975244746298023,0.019063952102558887,30.022307006566646,0.011975244746298023,30.0,0.022307006566645526,35.7411158932692,0.03648719410095836,36.504586384524266,-0.7634704912550632,38.11052754949941,0.04898647439371428,42.55029017330671,-4.4397626238073045,30,100,I|robit_1.0|entropy_vector|cal|s3,I,robit_1.0,entropy_vector,cal,s3,30.119128978224452,3.765999558347485,24.8643216080402,29.92964824120603,35.8391959798995,21.48743718592965,38.231155778894475,1500
30.00164792384836,3.2869680176066876,-0.5415711071077731,True,5,0.0,8.926528984957934e-16,30.00164792384836,0.0,30.0,0.001647923848359767,35.40822918928221,1.4282446375932695e-14,36.504586384524266,-1.0963571952420565,37.64827898364791,7.141223187966347e-15,42.55029017330671,-4.902011189658801,30,100,I|robit_1.0|fixed_design|cal|s3,I,robit_1.0,fixed_design,cal,s3,30.0,2.5455844122715723,26.4,30.0,33.6,26.4,33.6,1500
29.997145104408006,3.5545177497378315,-0.296954581992294,True,161,0.021711195545289982,0.04370136756448837,29.997145104408006,0.021711195545289982,30.0,-0.0028548955919944774,35.84380651712766,0.07284998050444948,36.43456088085442,-0.5907543637267594,38.266189914751045,0.10167821105889155,39.91904362212253,-1.6528537073714844,30,100,I|tail_0.5|entropy_q0.95|cal|s3,I,tail_0.5,entropy_q0.95,cal,s3,33.82919932998325,4.168248205685851,24.435175879396986,34.57286432160804,39.07537688442211,16.14070351758794,44.0,1500
30.03724256623589,4.265328831433822,-0.26171064442062797,True,200,0.012177526941029089,0.018982936189751876,30.03724256623589,0.012177526941029089,30.0,0.037242566235889285,37.05308416476049,0.037749727731474385,36.504586384524266,0.5484977802362252,39.95988122532707,0.05025259156331534,42.55029017330671,-2.590408947979647,30,100,I|robit_1.0|uniform_grid|cal|s3,I,robit_1.0,uniform_grid,cal,s3,30.150646566164156,8.188310896091417,17.266331658291456,30.140703517587937,42.5929648241206,16.0,44.0,1500
30.01675143843565,3.0343120060270614,-0.521681533858717,True,5,7.141223187966347e-15,4.463264492478967e-16,30.01675143843565,7.141223187966347e-15,30.0,0.016751438435651522,35.00775054685166,7.141223187966347e-15,36.43456088085442,-1.4268103340027594,37.0756167228333,7.141223187966347e-15,39.91904362212253,-2.843426899289227,30,100,I|tail_0.5|fixed_design|cal|s3,I,tail_0.5,fixed_design,cal,s3,30.0,2.5455844122715723,26.4,30.0,33.6,26.4,33.6,1500
30.103190773709365,3.167746135196086,-0.4142961811183232,True,111,0.013904901260571404,0.021706511690353127,30.103190773709365,0.013904901260571404,30.0,0.10319077370936469,35.31366949344815,0.048991500030510976,36.43456088085442,-1.1208913874062674,37.47247026082387,0.0637298102995774,39.91904362212253,-2.446573361298661,30,100,I|tail_0.5|entropy_vector|cal|s3,I,tail_0.5,entropy_vector,cal,s3,30.14989614740368,3.6790864149112967,25.00502512562814,29.859296482412063,35.56482412060301,21.48743718592965,38.231155778894475,1500
30.25007079445796,3.43973664564878,-0.21212041970885526,True,199,0.01072816120400563,0.014639681320329893,30.25007079445796,0.01072816120400563,30.0,0.25007079445796165,35.90793409181125,0.029364615041454347,36.43456088085442,-0.5266267890431706,38.252094827323376,0.03887976736246161,39.91904362212253,-1.6669487947991541,30,100,I|tail_0.5|uniform_grid|cal|s3,I,tail_0.5,uniform_grid,cal,s3,30.17137688442211,8.227947204725945,17.266331658291456,30.21105527638191,42.5929648241206,16.0,44.0,1500
29.93657064205625,4.098763839363888,-0.30670724286415685,True,172,0.04047495936737205,0.0908046335552714,29.93657064205625,0.04047495936737205,30.0,-0.06342935794375038,36.678437209251484,0.1393078554803402,37.93456088085442,-1.2561236716029356,39.4717211859559,0.19960164125374427,42.85904362212253,-3.3873224361666274,30,100,I|tail_1.0|entropy_q0.95|cal|s3,I,tail_1.0,entropy_q0.95,cal,s3,34.470619765494135,4.682810831519328,24.160804020100503,34.99497487437186,41.04522613065326,16.0,44.0,1500
30.025294238390657,3.051791321136816,-0.5231395824628018,True,5,0.0,0.0,30.025294238390657,0.0,30.0,0.025294238390657142,35.04504426166157,7.141223187966347e-15,37.93456088085442,-2.8895166191928467,37.12482249033358,0.0,42.85904362212253,-5.734221131788949,30,100,I|tail_1.0|fixed_design|cal|s3,I,tail_1.0,fixed_design,cal,s3,30.0,2.5455844122715723,26.4,30.0,33.6,26.4,33.6,1500
30.487490070175618,3.913691517398521,-0.24352631207300376,True,199,0.01629471721084831,0.031918212524337825,30.487490070175618,0.01629471721084831,30.0,0.4874900701756175,36.92493975733778,0.058061964243871424,37.93456088085442,-1.009621123516638,39.59209801132734,0.07920281430543051,42.85904362212253,-3.26694561079519,30,100,I|tail_1.0|uniform_grid|cal|s3,I,tail_1.0,uniform_grid,cal,s3,30.12757118927973,8.160495059516657,17.266331658291456,30.21105527638191,42.5929648241206,16.0,44.0,1500
30.151752126667606,3.248687569302535,-0.42247356640059314,True,111,0.020622700779445276,0.032760926480485515,30.151752126667606,0.020622700779445276,30.0,0.1517521266676063,35.49536765786704,0.07360767375414112,37.93456088085442,-2.4391932229873774,37.70932954693747,0.09585544839358323,42.85904362212253,-5.149714075185059,30,100,I|tail_1.0|entropy_vector|cal|s3,I,tail_1.0,entropy_vector,cal,s3,30.14989614740368,3.6790864149112967,25.00502512562814,29.859296482412063,35.56482412060301,21.48743718592965,38.231155778894475,1500
