target,c_fraction,R,exact_max,exact_argmax_x,est_argmax_x,argmax_matches,exact_value_at_est_argmax,criterion_efficiency,mean_bias,max_abs_error,bias_over_exact_max,frac_negative,min_estimate,corr_with_exact,density_integral
sigma,0.02,50,0.017053044121002434,44.0,16.0,False,0.017053044120989402,0.9999999999992358,-0.015946333114423845,0.021873099051835765,-0.9351018505126854,0.685,-0.021859517401858986,0.9976673093731447,1.0321357965086049
sigma,0.02,100,0.017053044121002434,44.0,16.0,False,0.017053044120989402,0.9999999999992358,-0.011570108223965404,0.014516510998569654,-0.6784775868676564,0.6,-0.014436105034610014,0.9927523736754867,1.0216074718922372
sigma,0.02,200,0.017053044121002434,44.0,16.0,False,0.017053044120989402,0.9999999999992358,-0.009769791317886049,0.010706975140633124,-0.5729060013310837,0.555,-0.010692401262994422,0.9966490232794127,1.0161720867529196
sigma,0.02,400,0.017053044121002434,44.0,16.0,False,0.017053044120989402,0.9999999999992358,-0.0071103667047972266,0.007656139348549029,-0.4169558616247371,0.46,-0.007569722479355501,0.9995030756078245,1.0116086521281635
sigma,0.05,50,0.017053044121002434,44.0,16.0,False,0.017053044120989402,0.9999999999992358,-0.014437941525175491,0.019565335577576115,-0.846648928058176,0.66,-0.019562682637667916,0.9970789177649059,1.028430165228327
sigma,0.05,100,0.017053044121002434,44.0,16.0,False,0.017053044120989402,0.9999999999992358,-0.006872422404029821,0.008578274684963083,-0.40300267537370554,0.46,-0.008474956078850737,0.9949885750421571,1.0124347193758625
sigma,0.05,200,0.017053044121002434,44.0,16.0,False,0.017053044120989402,0.9999999999992358,-0.0076103112875648415,0.008210314156094523,-0.4462728902572899,0.475,-0.008112567171619567,0.9986643539163582,1.0119178738954773
sigma,0.05,400,0.017053044121002434,44.0,16.0,False,0.017053044120989402,0.9999999999992358,-0.00333000568481287,0.0039080637534475715,-0.19527338703778135,0.285,-0.0029747515652233103,0.9992489376756686,1.0045159226937381
sigma,0.1,50,0.017053044121002434,44.0,16.0,False,0.017053044120989402,0.9999999999992358,-0.010676963958500135,0.013568460343085231,-0.6261031099632497,0.585,-0.013557672060262482,0.9952042099120602,1.0196753309042617
sigma,0.1,100,0.017053044121002434,44.0,16.0,False,0.017053044120989402,0.9999999999992358,-0.0047239575384547304,0.0054704445590564865,-0.2770154996923236,0.365,-0.004442988469919307,0.9964402568698122,1.0065077067864538
sigma,0.1,200,0.017053044121002434,44.0,16.0,False,0.017053044120989402,0.9999999999992358,-0.0030112894366573825,0.004519286176654341,-0.17658368882941522,0.215,-0.0014739716166205508,0.996498322964085,1.002232806528264
sigma,0.1,400,0.017053044121002434,44.0,16.0,False,0.017053044120989402,0.9999999999992358,0.0001151478666133931,0.0021367843573705247,0.0067523349963997115,0.0,0.0021363538495855483,0.9991875984977938,0.9970332128393311
sigma,0.2,50,0.017053044121002434,44.0,16.0,False,0.017053044120989402,0.9999999999992358,-0.003484136161019946,0.005477104687813206,-0.20431168396080696,0.185,-0.0005709451173296909,0.9821741337315197,1.0008890130922155
sigma,0.2,100,0.017053044121002434,44.0,16.0,False,0.017053044120989402,0.9999999999992358,0.00038558012526063797,0.006086516039265577,0.022610633182245723,0.0,0.0060783722456277944,0.9681354706012569,0.9912744183045332
sigma,0.2,200,0.017053044121002434,44.0,16.0,False,0.017053044120989402,0.9999999999992358,0.0035225746135503,0.010541852829211384,0.20656573621432886,0.0,0.010521387954176564,0.9535763003176404,0.9848477109331798
sigma,0.2,400,0.017053044121002434,44.0,16.7035175879397,False,0.016801910708122952,0.9852733968728676,0.005663043548471831,0.012932485674982064,0.3320840260711727,0.0,0.012933021445984183,0.9749142660307628,0.9814079825418152
sigma,0.4,50,0.017053044121002434,44.0,29.92964824120603,False,1.076517710418834e-06,6.312759779311195e-05,0.013442116947788104,0.030250642723527066,0.7882532205046527,0.0,0.015815545025676753,-0.9818550117733411,0.9563848323012372
sigma,0.4,100,0.017053044121002434,44.0,30.07035175879397,False,1.0765177106408785e-06,6.312759780613277e-05,0.017520268125165064,0.03723545500184233,1.0273982756889253,0.0,0.015861266383086367,-0.9958751291146714,0.9463023616513841
sigma,0.4,200,0.017053044121002434,44.0,30.07035175879397,False,1.0765177106408785e-06,6.312759780613277e-05,0.02084634562491684,0.04186576050893065,1.2224413117680613,0.0,0.01711654565213412,-0.9982964107073833,0.9396227464404948
sigma,0.4,400,0.017053044121002434,44.0,30.07035175879397,False,1.0765177106408785e-06,6.312759780613277e-05,0.02170559992957293,0.04283974955250425,1.2728284625054382,0.0,0.017529021905246106,-0.9988095201450331,0.9382243500771285
mu,0.02,50,0.34195716794202313,29.92964824120603,29.92964824120603,True,0.34195716794202313,1.0,-0.0003636838587009966,0.010298060527377972,-0.001063536292833777,0.0,0.04524209701022679,0.9983729907247388,0.9822202405736913
mu,0.02,100,0.34195716794202313,29.92964824120603,29.92964824120603,True,0.34195716794202313,1.0,-0.00012428473383789413,0.006070022988976548,-0.0003634511730982808,0.0,0.03811456536012167,0.9993301274915178,0.9926484090645301
mu,0.02,200,0.34195716794202313,29.92964824120603,29.92964824120603,True,0.34195716794202313,1.0,-0.0006907033201278022,0.004400302057222,-0.002019853317550305,0.0,0.03661263139446223,0.9997634270115088,0.9999193317446557
mu,0.02,400,0.34195716794202313,29.92964824120603,29.92964824120603,True,0.34195716794202313,1.0,-0.0006321059940209975,0.003131867238106406,-0.0018484946457626745,0.0,0.03804606023848521,0.9999103470530011,0.9982297130170541
mu,0.05,50,0.34195716794202313,29.92964824120603,29.78894472361809,False,0.3418035908693109,0.9995508879850757,0.0005560334402140898,0.011128942015587187,0.0016260324167509837,0.0,0.043977333426739026,0.9978484509100785,0.9791154448992375
mu,0.05,100,0.34195716794202313,29.92964824120603,29.92964824120603,True,0.34195716794202313,1.0,-0.00035733033118296397,0.006383841874138679,-0.0010449564000470002,0.0,0.038295521700940055,0.9992210009403751,0.9920483891481827
mu,0.05,200,0.34195716794202313,29.92964824120603,29.92964824120603,True,0.34195716794202313,1.0,-0.0010049724369818698,0.0044935075257524215,-0.0029388839632461133,0.0,0.03697196687907943,0.9997828626476231,0.9974864084005473
mu,0.05,400,0.34195716794202313,29.92964824120603,29.92964824120603,True,0.34195716794202313,1.0,-0.0007908411619918223,0.0031125534744405325,-0.002312690699689924,0.0,0.03830098837175172,0.9999308983243439,0.9969579718188426
mu,0.1,50,0.34195716794202313,29.92964824120603,29.78894472361809,False,0.3418035908693109,0.9995508879850757,-0.0004909103513408847,0.011292046774621256,-0.0014355901772590293,0.0,0.043656228127778834,0.9978076235114594,0.9819078821143904
mu,0.1,100,0.34195716794202313,29.92964824120603,29.92964824120603,True,0.34195716794202313,1.0,-0.0016294763769911407,0.0073331823636925975,-0.004765147596693773,0.0,0.03823946191584199,0.9992767418151128,0.9918964418100076
mu,0.1,200,0.34195716794202313,29.92964824120603,29.92964824120603,True,0.34195716794202313,1.0,-0.0017561963312393348,0.005299147696715745,-0.005135720189193659,0.0,0.03703819482864307,0.9997414207938744,0.9959688684646704
mu,0.1,400,0.34195716794202313,29.92964824120603,29.92964824120603,True,0.34195716794202313,1.0,-0.0018057897771239673,0.004278330613822046,-0.005280748428207034,0.0,0.03781131324743657,0.999913778254147,0.9976573862609897
mu,0.2,50,0.34195716794202313,29.92964824120603,29.78894472361809,False,0.3418035908693109,0.9995508879850757,-0.00354902777205807,0.013943605550729071,-0.010378573999243634,0.0,0.04397011316278093,0.9978595592992725,0.980548703855594
mu,0.2,100,0.34195716794202313,29.92964824120603,29.92964824120603,True,0.34195716794202313,1.0,-0.004882221555716391,0.011337286028902327,-0.01427728971174584,0.0,0.03825635401030693,0.9991948008497187,0.9910304870606473
mu,0.2,200,0.34195716794202313,29.92964824120603,29.92964824120603,True,0.34195716794202313,1.0,-0.005129856369343369,0.010410474215540366,-0.015001458809055016,0.0,0.03641120730986028,0.9997059881773496,0.9956515454961361
mu,0.2,400,0.34195716794202313,29.92964824120603,29.92964824120603,True,0.34195716794202313,1.0,-0.005182401482879486,0.009956117430666711,-0.01515511873626855,0.0,0.03735461595647817,0.9999228405718354,0.9974348209776636
mu,0.4,50,0.34195716794202313,29.92964824120603,29.78894472361809,False,0.3418035908693109,0.9995508879850757,-0.01479123647707163,0.032286586749666446,-0.04325464667428582,0.0,0.04297324372659371,0.9973812970188763,0.9787017958000799
mu,0.4,100,0.34195716794202313,29.92964824120603,29.92964824120603,True,0.34195716794202313,1.0,-0.016254048220695358,0.03137099325375542,-0.047532409741594124,0.0,0.037286716411731646,0.9988946794838626,0.9896574405769504
mu,0.4,200,0.34195716794202313,29.92964824120603,29.92964824120603,True,0.34195716794202313,1.0,-0.016737217908778503,0.031058169753273357,-0.04894536356558024,0.0,0.0349090196100766,0.9995982102408647,0.994930330227001
mu,0.4,400,0.34195716794202313,29.92964824120603,29.92964824120603,True,0.34195716794202313,1.0,-0.0167338203060228,0.03087200416881125,-0.0489354278102453,0.0,0.035400316050785835,0.9998893001263888,0.9966859756828768
