mu_true,sigma_true,target,backend,n,coverage,coverage_se,z_vs_nominal,mean_width,median_width,bias,rmse,frac_no_overlap,frac_all_equal,mean_ess
26.0,1.5,mu,particle,150,0.96,0.016000000000000007,0.6250000000000002,2.077507871475399,2.049698012858723,0.0008832478748209146,0.5121444069711552,0.0,0.0,5899.481039958252
26.0,1.5,mu,ref,150,0.96,0.016000000000000007,0.6250000000000002,,,0.0008832478748209146,0.5121444069711552,0.0,0.0,5899.481039958252
26.0,1.5,sigma,particle,150,0.9666666666666667,0.014656562175858798,1.1371470653683586,2.307995135118214,2.2773618076554993,0.049208845176339014,0.44324142957269896,0.0,0.0,5899.481039958252
26.0,1.5,sigma,ref,150,0.9666666666666667,0.014656562175858798,1.1371470653683586,,,0.049208845176339014,0.44324142957269896,0.0,0.0,5899.481039958252
26.0,1.5,q0.5,particle,150,0.96,0.016000000000000007,0.6250000000000002,2.077507871475399,2.049698012858723,0.0008832478748209146,0.5121444069711552,0.0,0.0,5899.481039958252
26.0,1.5,q0.5,ref,150,0.96,0.016000000000000007,0.6250000000000002,,,0.0008832478748209146,0.5121444069711552,0.0,0.0,5899.481039958252
26.0,1.5,q0.95,particle,150,0.92,0.022150996967781528,-1.3543408472149001,4.346561641697736,4.283144133534467,0.0934514996310596,0.8952721501650222,0.0,0.0,5899.481039958252
26.0,1.5,q0.95,ref,150,0.9333333333333333,0.02036700308869262,-0.8183170883849685,,,0.0934514996310596,0.8952721501650222,0.0,0.0,5899.481039958252
26.0,1.5,q0.99,particle,150,0.9266666666666666,0.02128466671190877,-1.0962508198579552,5.7741373123431945,5.7395702369180945,0.12574522205738897,1.154690646919374,0.0,0.0,5899.481039958252
26.0,1.5,q0.99,ref,150,0.94,0.019390719429665325,-0.515710623129397,,,0.12574522205738897,1.154690646919374,0.0,0.0,5899.481039958252
26.0,3.0,mu,particle,150,0.9733333333333334,0.013154354299509981,1.7738106182986595,3.674740227792977,3.545311438078926,0.004100293401838826,0.783637510599371,0.0,0.0,6854.00951819806
26.0,3.0,mu,ref,150,0.98,0.01143095213298817,2.6244532958391202,,,0.004100293401838826,0.783637510599371,0.0,0.0,6854.00951819806
26.0,3.0,sigma,particle,150,0.9466666666666667,0.018346459947155818,-0.1816880936668141,4.44336531641437,4.03795996079792,-0.04878451874848651,0.9195090741055013,0.0,0.0,6854.00951819806
26.0,3.0,sigma,ref,150,0.9533333333333334,0.017221863795553384,0.19355241528469547,,,-0.04878451874848651,0.9195090741055013,0.0,0.0,6854.00951819806
26.0,3.0,q0.5,particle,150,0.9733333333333334,0.013154354299509981,1.7738106182986595,3.674740227792977,3.545311438078926,0.004100293401838826,0.783637510599371,0.0,0.0,6854.00951819806
26.0,3.0,q0.5,ref,150,0.98,0.01143095213298817,2.6244532958391202,,,0.004100293401838826,0.783637510599371,0.0,0.0,6854.00951819806
26.0,3.0,q0.95,particle,150,0.98,0.01143095213298817,2.6244532958391202,8.228765124749607,7.523146252441869,-0.06645548165164468,1.6239242567050394,0.0,0.0,6854.00951819806
26.0,3.0,q0.95,ref,150,0.98,0.01143095213298817,2.6244532958391202,,,-0.06645548165164468,1.6239242567050394,0.0,0.0,6854.00951819806
26.0,3.0,q0.99,particle,150,0.98,0.01143095213298817,2.6244532958391202,11.063475430764859,10.10878992800709,-0.10111748589169767,2.1923987347025413,0.0,0.0,6854.00951819806
26.0,3.0,q0.99,ref,150,0.9666666666666667,0.014656562175858798,1.1371470653683586,,,-0.10111748589169767,2.1923987347025413,0.0,0.0,6854.00951819806
26.0,6.0,mu,particle,150,0.9533333333333334,0.017221863795553384,0.19355241528469547,6.281969191095231,6.4352294277151,0.17418841430745996,1.4949289918519737,0.0,0.0,7403.568615851877
26.0,6.0,mu,ref,150,0.9533333333333334,0.017221863795553384,0.19355241528469547,,,0.17418841430745996,1.4949289918519737,0.0,0.0,7403.568615851877
26.0,6.0,sigma,particle,150,0.96,0.016000000000000007,0.6250000000000002,7.931600200049258,7.518795978833289,-0.5589698812902981,1.6550031175409448,0.0,0.0,7403.568615851877
26.0,6.0,sigma,ref,150,0.96,0.016000000000000007,0.6250000000000002,,,-0.5589698812902981,1.6550031175409448,0.0,0.0,7403.568615851877
26.0,6.0,q0.5,particle,150,0.9533333333333334,0.017221863795553384,0.19355241528469547,6.281969191095231,6.4352294277151,0.17418841430745996,1.4949289918519737,0.0,0.0,7403.568615851877
26.0,6.0,q0.5,ref,150,0.9533333333333334,0.017221863795553384,0.19355241528469547,,,0.17418841430745996,1.4949289918519737,0.0,0.0,7403.568615851877
26.0,6.0,q0.95,particle,150,0.96,0.016000000000000007,0.6250000000000002,14.53073750061592,13.84415678243037,-0.7356149915215107,2.8925256056904085,0.0,0.0,7403.568615851877
26.0,6.0,q0.95,ref,150,0.9533333333333334,0.017221863795553384,0.19355241528469547,,,-0.7356149915215107,2.8925256056904085,0.0,0.0,7403.568615851877
26.0,6.0,q0.99,particle,150,0.9733333333333334,0.013154354299509981,1.7738106182986595,19.526514712826746,18.49923482580003,-1.1197407943871944,3.90440608447055,0.0,0.0,7403.568615851877
26.0,6.0,q0.99,ref,150,0.9666666666666667,0.014656562175858798,1.1371470653683586,,,-1.1197407943871944,3.90440608447055,0.0,0.0,7403.568615851877
30.0,1.5,mu,particle,150,0.9666666666666667,0.014656562175858798,1.1371470653683586,2.0992019143503695,2.089868962650753,-0.020176853021909788,0.4337177150121141,0.006666666666666667,0.0,6453.682646958865
30.0,1.5,mu,ref,150,0.9666666666666667,0.014656562175858798,1.1371470653683586,,,-0.020176853021909788,0.4337177150121141,0.006666666666666667,0.0,6453.682646958865
30.0,1.5,sigma,particle,150,0.98,0.01143095213298817,2.6244532958391202,2.4111636318584266,2.288193157760171,0.07042206860614536,0.44829276431880144,0.006666666666666667,0.0,6453.682646958865
30.0,1.5,sigma,ref,150,0.9733333333333334,0.013154354299509981,1.7738106182986595,,,0.07042206860614536,0.44829276431880144,0.006666666666666667,0.0,6453.682646958865
30.0,1.5,q0.5,particle,150,0.9666666666666667,0.014656562175858798,1.1371470653683586,2.0992019143503695,2.089868962650753,-0.020176853021909788,0.4337177150121141,0.006666666666666667,0.0,6453.682646958865
30.0,1.5,q0.5,ref,150,0.9666666666666667,0.014656562175858798,1.1371470653683586,,,-0.020176853021909788,0.4337177150121141,0.006666666666666667,0.0,6453.682646958865
30.0,1.5,q0.95,particle,150,0.9666666666666667,0.014656562175858798,1.1371470653683586,4.522375226801232,4.344758498052826,0.10326287230432404,0.8590054618111335,0.006666666666666667,0.0,6453.682646958865
30.0,1.5,q0.95,ref,150,0.9666666666666667,0.014656562175858798,1.1371470653683586,,,0.10326287230432404,0.8590054618111335,0.006666666666666667,0.0,6453.682646958865
30.0,1.5,q0.99,particle,150,0.9733333333333334,0.013154354299509981,1.7738106182986595,6.216852621025059,5.781593727025589,0.14988525178452966,1.1338138439548446,0.006666666666666667,0.0,6453.682646958865
30.0,1.5,q0.99,ref,150,0.9733333333333334,0.013154354299509981,1.7738106182986595,,,0.14988525178452966,1.1338138439548446,0.006666666666666667,0.0,6453.682646958865
30.0,3.0,mu,particle,150,0.9533333333333334,0.017221863795553384,0.19355241528469547,3.7365510621380613,3.727115655868653,-0.06696057050438403,0.9067106557981227,0.0,0.0,7209.472133540061
30.0,3.0,mu,ref,150,0.9533333333333334,0.017221863795553384,0.19355241528469547,,,-0.06696057050438403,0.9067106557981227,0.0,0.0,7209.472133540061
30.0,3.0,sigma,particle,150,0.9533333333333334,0.017221863795553384,0.19355241528469547,4.36288851735032,4.379776765144346,-0.0048857384111139265,0.8460343540353846,0.0,0.0,7209.472133540061
30.0,3.0,sigma,ref,150,0.9533333333333334,0.017221863795553384,0.19355241528469547,,,-0.0048857384111139265,0.8460343540353846,0.0,0.0,7209.472133540061
30.0,3.0,q0.5,particle,150,0.9533333333333334,0.017221863795553384,0.19355241528469547,3.7365510621380613,3.727115655868653,-0.06696057050438403,0.9067106557981227,0.0,0.0,7209.472133540061
30.0,3.0,q0.5,ref,150,0.9533333333333334,0.017221863795553384,0.19355241528469547,,,-0.06696057050438403,0.9067106557981227,0.0,0.0,7209.472133540061
30.0,3.0,q0.95,particle,150,0.96,0.016000000000000007,0.6250000000000002,8.125750750658305,8.175879434329323,-0.06351662225848002,1.4655189643821924,0.0,0.0,7209.472133540061
30.0,3.0,q0.95,ref,150,0.96,0.016000000000000007,0.6250000000000002,,,-0.06351662225848002,1.4655189643821924,0.0,0.0,7209.472133540061
30.0,3.0,q0.99,particle,150,0.96,0.016000000000000007,0.6250000000000002,10.835901950125733,10.835965351864353,-0.06754227373666907,1.9567789282731847,0.0,0.0,7209.472133540061
30.0,3.0,q0.99,ref,150,0.96,0.016000000000000007,0.6250000000000002,,,-0.06754227373666907,1.9567789282731847,0.0,0.0,7209.472133540061
30.0,6.0,mu,particle,150,0.9333333333333333,0.02036700308869262,-0.8183170883849685,6.372146402463461,6.379982583157794,-0.00371061116660807,1.402545454995041,0.0,0.0,6991.7809970496255
30.0,6.0,mu,ref,150,0.9333333333333333,0.02036700308869262,-0.8183170883849685,,,-0.00371061116660807,1.402545454995041,0.0,0.0,6991.7809970496255
30.0,6.0,sigma,particle,150,0.9066666666666666,0.023751803050466473,-1.824422897127479,7.9490458037531715,7.512259949714187,-0.44463442738325415,1.9552812448713988,0.0,0.0,6991.7809970496255
30.0,6.0,sigma,ref,150,0.9066666666666666,0.023751803050466473,-1.824422897127479,,,-0.44463442738325415,1.9552812448713988,0.0,0.0,6991.7809970496255
30.0,6.0,q0.5,particle,150,0.9333333333333333,0.02036700308869262,-0.8183170883849685,6.372146402463461,6.379982583157794,-0.00371061116660807,1.402545454995041,0.0,0.0,6991.7809970496255
30.0,6.0,q0.5,ref,150,0.9333333333333333,0.02036700308869262,-0.8183170883849685,,,-0.00371061116660807,1.402545454995041,0.0,0.0,6991.7809970496255
30.0,6.0,q0.95,particle,150,0.9133333333333333,0.022971802360801027,-1.5961597653841235,14.777948567820962,14.136887175750399,-0.7159164333539985,3.3401609617253523,0.0,0.0,6991.7809970496255
30.0,6.0,q0.95,ref,150,0.9133333333333333,0.022971802360801027,-1.5961597653841235,,,-0.7159164333539985,3.3401609617253523,0.0,0.0,6991.7809970496255
30.0,6.0,q0.99,particle,150,0.92,0.022150996967781528,-1.3543408472149001,19.771248718215343,18.620653293049365,-1.0239716998889203,4.584453343307298,0.0,0.0,6991.7809970496255
30.0,6.0,q0.99,ref,150,0.92,0.022150996967781528,-1.3543408472149001,,,-1.0239716998889203,4.584453343307298,0.0,0.0,6991.7809970496255
34.0,1.5,mu,particle,150,0.96,0.016000000000000007,0.6250000000000002,2.1348977099125332,2.077677149950027,-0.11524722857059293,0.49490927570563065,0.0,0.0,6027.8529414512695
34.0,1.5,mu,ref,150,0.96,0.016000000000000007,0.6250000000000002,,,-0.11524722857059293,0.49490927570563065,0.0,0.0,6027.8529414512695
34.0,1.5,sigma,particle,150,0.94,0.019390719429665325,-0.515710623129397,2.407063056560809,2.319184646336786,0.09770887527581404,0.45052115931166237,0.0,0.0,6027.8529414512695
34.0,1.5,sigma,ref,150,0.9533333333333334,0.017221863795553384,0.19355241528469547,,,0.09770887527581404,0.45052115931166237,0.0,0.0,6027.8529414512695
34.0,1.5,q0.5,particle,150,0.96,0.016000000000000007,0.6250000000000002,2.1348977099125332,2.077677149950027,-0.11524722857059293,0.49490927570563065,0.0,0.0,6027.8529414512695
34.0,1.5,q0.5,ref,150,0.96,0.016000000000000007,0.6250000000000002,,,-0.11524722857059293,0.49490927570563065,0.0,0.0,6027.8529414512695
34.0,1.5,q0.95,particle,150,0.96,0.016000000000000007,0.6250000000000002,4.527794166721519,4.390190906535334,0.04971781902344953,0.8137120443056177,0.0,0.0,6027.8529414512695
34.0,1.5,q0.95,ref,150,0.96,0.016000000000000007,0.6250000000000002,,,0.04971781902344953,0.8137120443056177,0.0,0.0,6027.8529414512695
34.0,1.5,q0.99,particle,150,0.96,0.016000000000000007,0.6250000000000002,6.019259835331373,5.848309320789237,0.11454368591648091,1.0765623872986283,0.0,0.0,6027.8529414512695
34.0,1.5,q0.99,ref,150,0.9666666666666667,0.014656562175858798,1.1371470653683586,,,0.11454368591648091,1.0765623872986283,0.0,0.0,6027.8529414512695
34.0,3.0,mu,particle,150,0.96,0.016000000000000007,0.6250000000000002,3.7274677068479574,3.754264404102246,-0.11246420929627557,0.759673777680095,0.0,0.0,6885.046497623647
34.0,3.0,mu,ref,150,0.9533333333333334,0.017221863795553384,0.19355241528469547,,,-0.11246420929627557,0.759673777680095,0.0,0.0,6885.046497623647
34.0,3.0,sigma,particle,150,0.9666666666666667,0.014656562175858798,1.1371470653683586,4.456447740991018,4.387617645598181,-0.02001923405509479,0.8003105035610798,0.0,0.0,6885.046497623647
34.0,3.0,sigma,ref,150,0.9666666666666667,0.014656562175858798,1.1371470653683586,,,-0.02001923405509479,0.8003105035610798,0.0,0.0,6885.046497623647
34.0,3.0,q0.5,particle,150,0.96,0.016000000000000007,0.6250000000000002,3.7274677068479574,3.754264404102246,-0.11246420929627557,0.759673777680095,0.0,0.0,6885.046497623647
34.0,3.0,q0.5,ref,150,0.9533333333333334,0.017221863795553384,0.19355241528469547,,,-0.11246420929627557,0.759673777680095,0.0,0.0,6885.046497623647
34.0,3.0,q0.95,particle,150,0.9733333333333334,0.013154354299509981,1.7738106182986595,8.257668858595277,8.148897787320376,-0.13273428564129242,1.4765824146729858,0.0,0.0,6885.046497623647
34.0,3.0,q0.95,ref,150,0.9733333333333334,0.013154354299509981,1.7738106182986595,,,-0.13273428564129242,1.4765824146729858,0.0,0.0,6885.046497623647
34.0,3.0,q0.99,particle,150,0.98,0.01143095213298817,2.6244532958391202,11.036975440847543,10.842828882706023,-0.14738127834401524,1.9657383259709509,0.0,0.0,6885.046497623647
34.0,3.0,q0.99,ref,150,0.98,0.01143095213298817,2.6244532958391202,,,-0.14738127834401524,1.9657383259709509,0.0,0.0,6885.046497623647
34.0,6.0,mu,particle,150,0.92,0.022150996967781528,-1.3543408472149001,6.3290364003285875,6.402386309943973,-0.24988219014453517,1.5063847201396807,0.0,0.0,7659.510783289213
34.0,6.0,mu,ref,150,0.92,0.022150996967781528,-1.3543408472149001,,,-0.24988219014453517,1.5063847201396807,0.0,0.0,7659.510783289213
34.0,6.0,sigma,particle,150,0.9266666666666666,0.02128466671190877,-1.0962508198579552,8.085083058084832,7.753342391687411,-0.48347920664228716,1.865555842147285,0.0,0.0,7659.510783289213
34.0,6.0,sigma,ref,150,0.9266666666666666,0.02128466671190877,-1.0962508198579552,,,-0.48347920664228716,1.865555842147285,0.0,0.0,7659.510783289213
34.0,6.0,q0.5,particle,150,0.92,0.022150996967781528,-1.3543408472149001,6.3290364003285875,6.402386309943973,-0.24988219014453517,1.5063847201396807,0.0,0.0,7659.510783289213
34.0,6.0,q0.5,ref,150,0.92,0.022150996967781528,-1.3543408472149001,,,-0.24988219014453517,1.5063847201396807,0.0,0.0,7659.510783289213
34.0,6.0,q0.95,particle,150,0.9466666666666667,0.018346459947155818,-0.1816880936668141,14.776578021244744,14.259776748520995,-1.0249339459719535,3.256677560117332,0.0,0.0,7659.510783289213
34.0,6.0,q0.95,ref,150,0.9466666666666667,0.018346459947155818,-0.1816880936668141,,,-1.0249339459719535,3.256677560117332,0.0,0.0,7659.510783289213
34.0,6.0,q0.99,particle,150,0.9466666666666667,0.018346459947155818,-0.1816880936668141,19.88159864002572,19.135437321819694,-1.355426150536966,4.423845381287052,0.0,0.0,7659.510783289213
34.0,6.0,q0.99,ref,150,0.9466666666666667,0.018346459947155818,-0.1816880936668141,,,-1.355426150536966,4.423845381287052,0.0,0.0,7659.510783289213
