dgp,design,design_r_prior,n,fit,fit_r_prior,target,n_rep,coverage,coverage_se,z_mean,z_mean_se,z_sd,p_abs_z_gt_4,p_abs_z_gt_4_se,miss_halfwidths_mean,abs_miss_halfwidths_mean,dangerous_error,dangerous_error_se,bias,bias_se,rmse,mean_width,median_width,mean_post_sd,target_true,r_mean,r_sd,r_mass_at_zero,r_mass_at_max,max_boundary_mass,ess_min,frac_below_ess_floor,x_max_mean,frac_above_onset,design_kl_nats,realized_flips_mean,frac_zero_flips,frac_all_equal,fit_seconds_mean,design_seconds_mean,n_blind,coverage_blind,coverage_blind_se,bias_blind,mean_width_blind,n_informed,coverage_informed,coverage_informed_se,bias_informed,mean_width_informed
probit,mi2,,50,probit,,q0.5,6,1.0,0.0,-0.1310080055839383,0.23092757658273275,0.5656547301651806,0.0,0.0,0.06627020745815186,0.231169811827053,0.0,0.0,0.11034706070993631,0.1850086366295959,0.4281558734211544,3.3832111308410204,3.2529400964593176,0.8575904191000611,30.0,,,,,2.2279167438602655e-14,149.7998225017912,0.0,36.68341708542714,0.39999999999999997,0.0,0.0,1.0,0.0,2.116768757502238,1.2259019613265991,6,1.0,0.0,0.11034706070993631,3.3832111308410204,0,,,,
probit,mi2,,50,probit,,q0.95,6,1.0,0.0,-0.6935190171054165,0.20899230289483314,0.5119245022615289,0.0,0.0,0.3577904176064152,0.39794585238599384,0.0,0.0,1.2617900509136888,0.3953162752999171,1.540613163701313,6.580885688460438,6.469569149306842,1.696461391104557,34.93456088085442,,,,,2.2279167438602655e-14,149.7998225017912,0.0,36.68341708542714,0.39999999999999997,0.0,0.0,1.0,0.0,2.116768757502238,1.2259019613265991,6,1.0,0.0,1.2617900509136888,6.580885688460438,0,,,,
probit,mi2,,50,probit,,q0.99,6,1.0,0.0,-0.7268788133328443,0.20294992000516746,0.49712374735132414,0.0,0.0,0.3763884279356406,0.3973074733728843,0.0,0.0,1.7388548552328587,0.524466693050545,2.097365673449377,8.624828188463114,8.486552352172708,2.232482984098533,36.979043622122525,,,,,2.2279167438602655e-14,149.7998225017912,0.0,36.68341708542714,0.39999999999999997,0.0,0.0,1.0,0.0,2.116768757502238,1.2259019613265991,6,1.0,0.0,1.7388548552328587,8.624828188463114,0,,,,
probit,mi2,,50,robit,heavy_tail,q0.5,6,1.0,0.0,-0.13327802035892014,0.1879505489154111,0.4603829417187674,0.0,0.0,0.06825275392838435,0.18422369746904207,0.0,0.0,0.14429149381414477,0.17924775809101937,0.42599158335629167,3.9685304257283005,3.7457395588670686,1.0148712459965827,30.0,0.37568544171619744,0.09654917422247249,0.0,0.046982643069352625,2.2355875664573648e-14,149.7998225017912,0.0,36.68341708542714,0.39999999999999997,0.0,0.0,1.0,0.0,25.636205355326336,1.2259019613265991,6,1.0,0.0,0.14429149381414477,3.9685304257283005,0,,,,
probit,mi2,,50,robit,heavy_tail,q0.95,6,1.0,0.0,-0.9734190389557992,0.15483740327670098,0.3792726311254615,0.0,0.0,0.499773972659852,0.499773972659852,0.0,0.0,2.4831016486590776,0.45342378567920144,2.682118462087706,9.638718452287634,9.575241380055783,2.4737294978697872,34.93456088085442,0.37568544171619744,0.09654917422247249,0.0,0.046982643069352625,2.2355875664573648e-14,149.7998225017912,0.0,36.68341708542714,0.39999999999999997,0.0,0.0,1.0,0.0,25.636205355326336,1.2259019613265991,6,1.0,0.0,2.4831016486590776,9.638718452287634,0,,,,
probit,mi2,,50,robit,heavy_tail,q0.99,6,0.3333333333333333,0.19245008972987526,-1.5118726456255536,0.08991965101628119,0.22025726283902372,0.0,0.0,0.7883257240369689,0.7883257240369689,0.0,0.0,8.20651079396447,0.8271921245888864,8.412375019360748,20.568215226338356,20.771071359887735,5.36448187921934,36.979043622122525,0.37568544171619744,0.09654917422247249,0.0,0.046982643069352625,2.2355875664573648e-14,149.7998225017912,0.0,36.68341708542714,0.39999999999999997,0.0,0.0,1.0,0.0,25.636205355326336,1.2259019613265991,6,0.3333333333333333,0.19245008972987526,8.20651079396447,20.568215226338356,0,,,,
probit,mi2,,50,robit,near_probit,q0.5,6,1.0,0.0,-0.1318184268567775,0.22463833460113347,0.5502492964413719,0.0,0.0,0.06672210428628632,0.2208036231520953,0.0,0.0,0.1152441810003797,0.1838315649288752,0.4269091736838699,3.4626294302673037,3.30677235663636,0.8774248504606795,30.0,0.04982199945439952,0.0459500628069567,0.13818430415361768,0.0,3.1294193559771534e-14,149.7998225017912,0.0,36.68341708542714,0.39999999999999997,0.0,0.0,1.0,0.0,25.438552697499592,1.2259019613265991,6,1.0,0.0,0.1152441810003797,3.4626294302673037,0,,,,
probit,mi2,,50,robit,near_probit,q0.95,6,1.0,0.0,-0.7268448821467445,0.20144417591095162,0.4934354426372861,0.0,0.0,0.3743075162792595,0.4034187536182607,0.0,0.0,1.3729798699964704,0.4002370957497952,1.638908901521582,6.897267714461203,6.781404605230577,1.7747477706280452,34.93456088085442,0.04982199945439952,0.0459500628069567,0.13818430415361768,0.0,3.1294193559771534e-14,149.7998225017912,0.0,36.68341708542714,0.39999999999999997,0.0,0.0,1.0,0.0,25.438552697499592,1.2259019613265991,6,1.0,0.0,1.3729798699964704,6.897267714461203,0,,,,
probit,mi2,,50,robit,near_probit,q0.99,6,1.0,0.0,-0.8572824432910973,0.18362151702114132,0.4497790224975724,0.0,0.0,0.4436152911155402,0.4436152911155402,0.0,0.0,2.23937766638844,0.5487723363963685,2.5535402324398535,9.590682360110062,9.457693232802697,2.4812025741881567,36.979043622122525,0.04982199945439952,0.0459500628069567,0.13818430415361768,0.0,3.1294193559771534e-14,149.7998225017912,0.0,36.68341708542714,0.39999999999999997,0.0,0.0,1.0,0.0,25.438552697499592,1.2259019613265991,6,1.0,0.0,2.23937766638844,9.590682360110062,0,,,,
probit,mi2,,50,robit,reference_uniform,q0.5,6,1.0,0.0,-0.1334105775650676,0.20006615287454507,0.49005998934428935,0.0,0.0,0.06758364710078962,0.1905459203696189,0.0,0.0,0.13416115628310146,0.17984547346293178,0.4239353576675921,3.7899234965724045,3.5598041513749337,0.9640423346412357,30.0,0.25234003222594187,0.1438950092716045,0.015079389532315681,0.01591871975318325,1.660573784821429e-14,149.7998225017912,0.0,36.68341708542714,0.39999999999999997,0.0,0.0,1.0,0.0,25.438634077707928,1.2259019613265991,6,1.0,0.0,0.13416115628310146,3.7899234965724045,0,,,,
probit,mi2,,50,robit,reference_uniform,q0.95,6,1.0,0.0,-0.8651310193003806,0.16636536086200218,0.4075102449858963,0.0,0.0,0.44544465468425204,0.44544465468425204,0.0,0.0,2.02233946835223,0.43452317996356105,2.2436374250050757,8.72598845263998,8.647672431415103,2.2452343744204115,34.93456088085442,0.25234003222594187,0.1438950092716045,0.015079389532315681,0.01591871975318325,1.660573784821429e-14,149.7998225017912,0.0,36.68341708542714,0.39999999999999997,0.0,0.0,1.0,0.0,25.438634077707928,1.2259019613265991,6,1.0,0.0,2.02233946835223,8.72598845263998,0,,,,
probit,mi2,,50,robit,reference_uniform,q0.99,6,0.8333333333333334,0.15214515486254612,-1.1451195467221738,0.1008515504191856,0.24703483829557563,0.0,0.0,0.603365760912893,0.603365760912893,0.0,0.0,5.652270502145349,0.7407332342062348,5.889956744383661,18.361703305155448,18.514627916635366,4.839129397686153,36.979043622122525,0.25234003222594187,0.1438950092716045,0.015079389532315681,0.01591871975318325,1.660573784821429e-14,149.7998225017912,0.0,36.68341708542714,0.39999999999999997,0.0,0.0,1.0,0.0,25.438634077707928,1.2259019613265991,6,0.8333333333333334,0.15214515486254612,5.652270502145349,18.361703305155448,0,,,,
probit,mi2,,100,probit,,q0.5,6,1.0,0.0,-0.8567546316742621,0.17479468447476662,0.4281577867139628,0.0,0.0,0.43568855655514344,0.43568855655514344,0.0,0.0,0.4777901562481155,0.10003290315758752,0.5275569561462298,2.1827761835171877,2.058058371733132,0.5550933742429623,30.0,,,,,1.5670059924761996e-14,149.7998225017912,0.0,36.73031825795645,0.44333333333333336,0.0,0.0,1.0,0.0,2.2131863832473755,1.4036060174306233,6,1.0,0.0,0.4777901562481155,2.1827761835171877,0,,,,
probit,mi2,,100,probit,,q0.95,6,0.8333333333333334,0.15214515486254612,-0.9810714547104059,0.26190521936429484,0.6415341484142183,0.0,0.0,0.5009579052093626,0.5009579052093626,0.0,0.0,1.0613982150481966,0.35632956309882874,1.3271849752760572,3.9441348077172074,3.751085707795305,1.006631803033207,34.93456088085442,,,,,1.5670059924761996e-14,149.7998225017912,0.0,36.73031825795645,0.44333333333333336,0.0,0.0,1.0,0.0,2.2131863832473755,1.4036060174306233,6,0.8333333333333334,0.15214515486254612,1.0613982150481966,3.9441348077172074,0,,,,
probit,mi2,,100,probit,,q0.99,6,0.8333333333333334,0.15214515486254612,-0.9125867462739358,0.26920037342099135,0.6594035534481195,0.0,0.0,0.46685292503495385,0.46685292503495385,0.0,0.0,1.3031981710506397,0.47627117234583644,1.6830022641304196,5.137169921063022,4.910828076295253,1.3134357355119837,36.979043622122525,,,,,1.5670059924761996e-14,149.7998225017912,0.0,36.73031825795645,0.44333333333333336,0.0,0.0,1.0,0.0,2.2131863832473755,1.4036060174306233,6,0.8333333333333334,0.15214515486254612,1.3031981710506397,5.137169921063022,0,,,,
probit,mi2,,100,robit,heavy_tail,q0.5,6,1.0,0.0,-0.8255482074470805,0.17526057664085515,0.42929898479603973,0.0,0.0,0.422390344472024,0.422390344472024,0.0,0.0,0.5640537564492298,0.11857284776718931,0.6232609736720184,2.655427155483745,2.51915973383003,0.6790732999180266,30.0,0.37539838972640655,0.09632933242212445,0.0,0.04664877960948982,2.229349760928928e-14,149.7998225017912,0.0,36.73031825795645,0.44333333333333336,0.0,0.0,1.0,0.0,31.127395192782085,1.4036060174306233,6,1.0,0.0,0.5640537564492298,2.655427155483745,0,,,,
probit,mi2,,100,robit,heavy_tail,q0.95,6,0.8333333333333334,0.15214515486254612,-1.3376544414029654,0.1942675672202219,0.47585641326137507,0.0,0.0,0.6813588167865053,0.6813588167865053,0.0,0.0,2.044641011978244,0.4575210874634395,2.286303697069149,5.771927186394977,5.480763450089139,1.4695600936867068,34.93456088085442,0.37539838972640655,0.09632933242212445,0.0,0.04664877960948982,2.229349760928928e-14,149.7998225017912,0.0,36.73031825795645,0.44333333333333336,0.0,0.0,1.0,0.0,31.127395192782085,1.4036060174306233,6,0.8333333333333334,0.15214515486254612,2.044641011978244,5.771927186394977,0,,,,
probit,mi2,,100,robit,heavy_tail,q0.99,6,0.0,0.0,-1.9253769735970883,0.10384463915550401,0.25436637845442744,0.0,0.0,0.9957323783667013,0.9957323783667013,0.0,0.0,6.830473668398743,0.886701826483904,7.112423720514551,13.491310519495324,12.599862120968577,3.488909524353874,36.979043622122525,0.37539838972640655,0.09632933242212445,0.0,0.04664877960948982,2.229349760928928e-14,149.7998225017912,0.0,36.73031825795645,0.44333333333333336,0.0,0.0,1.0,0.0,31.127395192782085,1.4036060174306233,6,0.0,0.0,6.830473668398743,13.491310519495324,0,,,,
probit,mi2,,100,robit,near_probit,q0.5,6,1.0,0.0,-0.8584146145067861,0.17146493681183939,0.4200016039675663,0.0,0.0,0.43664967042248576,0.43664967042248576,0.0,0.0,0.49244114034686487,0.1006350107030372,0.5414197111318747,2.242586929299612,2.117126622353979,0.5704414694371415,30.0,0.05070142080259934,0.046385377401429624,0.13549671631840973,0.0,1.779263939135145e-14,149.7998225017912,0.0,36.73031825795645,0.44333333333333336,0.0,0.0,1.0,0.0,29.679020762443542,1.4036060174306233,6,1.0,0.0,0.49244114034686487,2.242586929299612,0,,,,
probit,mi2,,100,robit,near_probit,q0.95,6,0.8333333333333334,0.15214515486254612,-1.023462611037128,0.2517347935623825,0.6166217947326966,0.0,0.0,0.5220004707210734,0.5220004707210734,0.0,0.0,1.150551537747564,0.36494118669206727,1.4105598851996166,4.129033167701696,3.9575716063551596,1.0525779412729432,34.93456088085442,0.05070142080259934,0.046385377401429624,0.13549671631840973,0.0,1.779263939135145e-14,149.7998225017912,0.0,36.73031825795645,0.44333333333333336,0.0,0.0,1.0,0.0,29.679020762443542,1.4036060174306233,6,0.8333333333333334,0.15214515486254612,1.150551537747564,4.129033167701696,0,,,,
probit,mi2,,100,robit,near_probit,q0.99,6,0.8333333333333334,0.15214515486254612,-1.092491699421971,0.2360527801117171,0.578208863639104,0.0,0.0,0.5585487781912213,0.5585487781912213,0.0,0.0,1.739384679671416,0.5054057347961106,2.074279115186675,5.8554349849937894,5.612005678202664,1.4963627243723387,36.979043622122525,0.05070142080259934,0.046385377401429624,0.13549671631840973,0.0,1.779263939135145e-14,149.7998225017912,0.0,36.73031825795645,0.44333333333333336,0.0,0.0,1.0,0.0,29.679020762443542,1.4036060174306233,6,0.8333333333333334,0.15214515486254612,1.739384679671416,5.8554349849937894,0,,,,
probit,mi2,,100,robit,reference_uniform,q0.5,6,1.0,0.0,-0.8402743506598361,0.17060409922246023,0.41789299112217987,0.0,0.0,0.4280800773360997,0.4280800773360997,0.0,0.0,0.5418021244037797,0.11109016080863922,0.5960324329689579,2.5133634086549903,2.3755406523907254,0.6399584931841972,30.0,0.2536601778536262,0.142508508165091,0.014813550708747417,0.01602996464024748,1.7364387556552804e-14,149.7998225017912,0.0,36.73031825795645,0.44333333333333336,0.0,0.0,1.0,0.0,29.83471628030141,1.4036060174306233,6,1.0,0.0,0.5418021244037797,2.5133634086549903,0,,,,
probit,mi2,,100,robit,reference_uniform,q0.95,6,0.8333333333333334,0.15214515486254612,-1.179024550175517,0.2007364246823043,0.4917018132622723,0.0,0.0,0.6018077934813406,0.6018077934813406,0.0,0.0,1.6704436450919975,0.41538547156065814,1.9113103937734948,5.297587087664976,5.0519220578788655,1.3513622568676562,34.93456088085442,0.2536601778536262,0.142508508165091,0.014813550708747417,0.01602996464024748,1.7364387556552804e-14,149.7998225017912,0.0,36.73031825795645,0.44333333333333336,0.0,0.0,1.0,0.0,29.83471628030141,1.4036060174306233,6,0.8333333333333334,0.15214515486254612,1.6704436450919975,5.297587087664976,0,,,,
probit,mi2,,100,robit,reference_uniform,q0.99,6,0.6666666666666666,0.19245008972987526,-1.3574474243363948,0.10968632878034897,0.26867553727100807,0.0,0.0,0.7156835528057593,0.7156835528057593,0.0,0.0,4.65263991194369,0.7082154409534275,4.914763850302034,12.713551786647043,11.904463200451964,3.352783652400749,36.979043622122525,0.2536601778536262,0.142508508165091,0.014813550708747417,0.01602996464024748,1.7364387556552804e-14,149.7998225017912,0.0,36.73031825795645,0.44333333333333336,0.0,0.0,1.0,0.0,29.83471628030141,1.4036060174306233,6,0.6666666666666666,0.19245008972987526,4.65263991194369,12.713551786647043,0,,,,
probit,mi2,,200,probit,,q0.5,6,0.8333333333333334,0.15214515486254612,-0.8948298067791245,0.34879945851088634,0.8543806959107427,0.0,0.0,0.45576268670432984,0.45576268670432984,0.0,0.0,0.3352995179489279,0.13550980026881432,0.45192952612244003,1.446805547001737,1.422734265903106,0.36849547623293066,30.0,,,,,1.1065114335924446e-16,21.054968223398273,0.16666666666666666,36.73031825795645,0.4416666666666667,0.0,0.0,1.0,0.0,2.2456291119257608,2.4970016876856485,6,0.8333333333333334,0.15214515486254612,0.3352995179489279,1.446805547001737,0,,,,
probit,mi2,,200,probit,,q0.95,6,0.8333333333333334,0.15214515486254612,-0.8507015900700465,0.3422002307245433,0.8382159551378058,0.0,0.0,0.43376284680269367,0.43376284680269367,0.0,0.0,0.5856736766786549,0.24771504830403465,0.8061187141703414,2.539617093472266,2.5222826889170733,0.6473655022830749,34.93456088085442,,,,,1.1065114335924446e-16,21.054968223398273,0.16666666666666666,36.73031825795645,0.4416666666666667,0.0,0.0,1.0,0.0,2.2456291119257608,2.4970016876856485,6,0.8333333333333334,0.15214515486254612,0.5856736766786549,2.539617093472266,0,,,,
probit,mi2,,200,probit,,q0.99,6,0.8333333333333334,0.15214515486254612,-0.7684683408828389,0.3261346172861724,0.7988633998089966,0.0,0.0,0.3921895009949996,0.3921895009949996,0.0,0.0,0.6894084686373448,0.3035434802572127,0.9674591767419405,3.291945112812357,3.271460143011879,0.8398616730765148,36.979043622122525,,,,,1.1065114335924446e-16,21.054968223398273,0.16666666666666666,36.73031825795645,0.4416666666666667,0.0,0.0,1.0,0.0,2.2456291119257608,2.4970016876856485,6,0.8333333333333334,0.15214515486254612,0.6894084686373448,3.291945112812357,0,,,,
probit,mi2,,200,robit,heavy_tail,q0.5,6,0.8333333333333334,0.15214515486254612,-0.7432416115688701,0.3246758983539557,0.7952902827469283,0.0,0.0,0.3794563992185962,0.3794563992185962,0.0,0.0,0.3444178856994136,0.15276339850350737,0.48508448707556223,1.8220814361407196,1.790853078089338,0.4649304621037033,30.0,0.3734863475460401,0.09690104893773331,0.0,0.045492855891503155,7.467927837564752e-18,21.054968223398273,0.16666666666666666,36.73031825795645,0.4416666666666667,0.0,0.0,1.0,0.0,35.67224407196045,2.4970016876856485,6,0.8333333333333334,0.15214515486254612,0.3444178856994136,1.8220814361407196,0,,,,
probit,mi2,,200,robit,heavy_tail,q0.95,6,0.8333333333333334,0.15214515486254612,-1.4046076771185971,0.27167870656757276,0.6654742050698702,0.0,0.0,0.7158369870175227,0.7158369870175227,0.0,0.0,1.4330882372295737,0.3100026017486183,1.5919327753207198,3.894527857459783,3.9451101893247014,0.9920193249331573,34.93456088085442,0.3734863475460401,0.09690104893773331,0.0,0.045492855891503155,7.467927837564752e-18,21.054968223398273,0.16666666666666666,36.73031825795645,0.4416666666666667,0.0,0.0,1.0,0.0,35.67224407196045,2.4970016876856485,6,0.8333333333333334,0.15214515486254612,1.4330882372295737,3.894527857459783,0,,,,
probit,mi2,,200,robit,heavy_tail,q0.99,6,0.0,0.0,-2.1652215251633753,0.10739912577191583,0.2630730569621883,0.0,0.0,1.1258825306793088,1.1258825306793088,0.0,0.0,5.7699792772497425,0.5045872220555117,5.879260343206444,10.164800189545627,10.558376169139315,2.643609107259587,36.979043622122525,0.3734863475460401,0.09690104893773331,0.0,0.045492855891503155,7.467927837564752e-18,21.054968223398273,0.16666666666666666,36.73031825795645,0.4416666666666667,0.0,0.0,1.0,0.0,35.67224407196045,2.4970016876856485,6,0.0,0.0,5.7699792772497425,10.164800189545627,0,,,,
probit,mi2,,200,robit,near_probit,q0.5,6,0.8333333333333334,0.15214515486254612,-0.8798293170186433,0.34091983286482774,0.8350796337137509,0.0,0.0,0.4480643130536844,0.4480643130536844,0.0,0.0,0.33914457272763343,0.13604325920632343,0.45558520947019726,1.4915851986261692,1.4641399915405593,0.3798273546928237,30.0,0.051222711410588546,0.04647658548874409,0.13420030669395638,0.0,3.7169283761930506e-17,21.054968223398273,0.16666666666666666,36.73031825795645,0.4416666666666667,0.0,0.0,1.0,0.0,35.263826529184975,2.4970016876856485,6,0.8333333333333334,0.15214515486254612,0.33914457272763343,1.4915851986261692,0,,,,
probit,mi2,,200,robit,near_probit,q0.95,6,0.8333333333333334,0.15214515486254612,-0.918668916793008,0.33380511487188713,0.817652204967248,0.0,0.0,0.4678964620003385,0.4678964620003385,0.0,0.0,0.662585719822817,0.25510204146334664,0.8743026329063384,2.680918004180017,2.669557901623314,0.6825543656007312,34.93456088085442,0.051222711410588546,0.04647658548874409,0.13420030669395638,0.0,3.7169283761930506e-17,21.054968223398273,0.16666666666666666,36.73031825795645,0.4416666666666667,0.0,0.0,1.0,0.0,35.263826529184975,2.4970016876856485,6,0.8333333333333334,0.15214515486254612,0.662585719822817,2.680918004180017,0,,,,
probit,mi2,,200,robit,near_probit,q0.99,6,0.8333333333333334,0.15214515486254612,-1.0455501385129868,0.27279130818732067,0.6681995113252467,0.0,0.0,0.5326211572378817,0.5326211572378817,0.0,0.0,1.0959212468121464,0.31567034731738985,1.3035651959498216,3.957978910962795,3.9357145977940675,1.0079691109473763,36.979043622122525,0.051222711410588546,0.04647658548874409,0.13420030669395638,0.0,3.7169283761930506e-17,21.054968223398273,0.16666666666666666,36.73031825795645,0.4416666666666667,0.0,0.0,1.0,0.0,35.263826529184975,2.4970016876856485,6,0.8333333333333334,0.15214515486254612,1.0959212468121464,3.957978910962795,0,,,,
probit,mi2,,200,robit,reference_uniform,q0.5,6,0.8333333333333334,0.15214515486254612,-0.7931230273113732,0.32489516845858146,0.7958273826191079,0.0,0.0,0.40348873464204466,0.40348873464204466,0.0,0.0,0.3451816608005582,0.1447517134465878,0.47319728621542934,1.7019777967104421,1.6636906089342922,0.43276673874216054,30.0,0.25081508674368674,0.1413189040441156,0.015422582911383756,0.015495246372583765,1.6874219563782585e-17,21.054968223398273,0.16666666666666666,36.73031825795645,0.4416666666666667,0.0,0.0,1.0,0.0,35.453399658203125,2.4970016876856485,6,0.8333333333333334,0.15214515486254612,0.3451816608005582,1.7019777967104421,0,,,,
probit,mi2,,200,robit,reference_uniform,q0.95,6,0.8333333333333334,0.15214515486254612,-1.1623182189774122,0.263945934610553,0.646532859477869,0.0,0.0,0.5927472787394216,0.5927472787394216,0.0,0.0,1.1057244877602557,0.28198437732647896,1.272871787775065,3.6027762094231712,3.651946930827542,0.9181064178564856,34.93456088085442,0.25081508674368674,0.1413189040441156,0.015422582911383756,0.015495246372583765,1.6874219563782585e-17,21.054968223398273,0.16666666666666666,36.73031825795645,0.4416666666666667,0.0,0.0,1.0,0.0,35.453399658203125,2.4970016876856485,6,0.8333333333333334,0.15214515486254612,1.1057244877602557,3.6027762094231712,0,,,,
probit,mi2,,200,robit,reference_uniform,q0.99,6,0.6666666666666666,0.19245008972987526,-1.3785389557858923,0.09575218246592329,0.23454398879938237,0.0,0.0,0.7403936364240624,0.7403936364240624,0.0,0.0,3.739969971706722,0.3847360610145614,3.837640495472834,10.010636657546673,10.244572336092716,2.688734656944918,36.979043622122525,0.25081508674368674,0.1413189040441156,0.015422582911383756,0.015495246372583765,1.6874219563782585e-17,21.054968223398273,0.16666666666666666,36.73031825795645,0.4416666666666667,0.0,0.0,1.0,0.0,35.453399658203125,2.4970016876856485,6,0.6666666666666666,0.19245008972987526,3.739969971706722,10.010636657546673,0,,,,
probit,mi3,heavy_tail,50,probit,,q0.5,6,0.8333333333333334,0.15214515486254612,0.4785611849058243,0.3708874656731381,0.9084850428931996,0.0,0.0,-0.24147851752782076,0.3868971846514919,0.0,0.0,-0.2597778786466017,0.22016593276516963,0.5566414788586227,2.8581517521494053,2.7426752702922474,0.7206754840074656,30.0,,,,,3.2056113195111234e-15,2117.1767081535304,0.0,34.80737018425461,0.14333333333333334,0.0,0.0,1.0,0.0,2.1559493144353232,2.6041059494018555,6,0.8333333333333334,0.15214515486254612,-0.2597778786466017,2.8581517521494053,0,,,,
probit,mi3,heavy_tail,50,probit,,q0.95,6,1.0,0.0,-0.0690863495237205,0.40864968538854524,1.0009832127508143,0.0,0.0,0.039964279778125555,0.35427103330853466,0.16666666666666666,0.15214515486254615,0.5353445467057251,0.7278527687918861,1.7133131788665,7.4748774627036925,7.410845160538969,2.0099580317310735,34.93456088085442,,,,,3.2056113195111234e-15,2117.1767081535304,0.0,34.80737018425461,0.14333333333333334,0.0,0.0,1.0,0.0,2.1559493144353232,2.6041059494018555,6,1.0,0.0,0.5353445467057251,7.4748774627036925,0,,,,
probit,mi3,heavy_tail,50,probit,,q0.99,6,1.0,0.0,-0.1288017941846498,0.38147839421112234,0.9344274137135418,0.0,0.0,0.07200610819958769,0.3464340449026618,0.16666666666666666,0.15214515486254615,0.8647789411896376,0.9540850693328667,2.3020065627066693,10.161680219345442,10.099111903528126,2.746416318434122,36.979043622122525,,,,,3.2056113195111234e-15,2117.1767081535304,0.0,34.80737018425461,0.14333333333333334,0.0,0.0,1.0,0.0,2.1559493144353232,2.6041059494018555,6,1.0,0.0,0.8647789411896376,10.161680219345442,0,,,,
probit,mi3,heavy_tail,50,robit,heavy_tail,q0.5,6,0.8333333333333334,0.15214515486254612,0.46335714559394264,0.3609325617392319,0.8841006078167045,0.0,0.0,-0.23470547653823245,0.3634478812290465,0.0,0.0,-0.264930910830562,0.21742937026969308,0.5536840640589971,3.0462373448026114,2.903503207260094,0.7707898706722404,30.0,0.37610173698458366,0.0964538759559595,0.0,0.04726447475155302,9.941393378210355e-15,2117.1767081535304,0.0,34.80737018425461,0.14333333333333334,0.0,0.0,1.0,0.0,25.104260365168255,2.6041059494018555,6,0.8333333333333334,0.15214515486254612,-0.264930910830562,3.0462373448026114,0,,,,
probit,mi3,heavy_tail,50,robit,heavy_tail,q0.95,6,0.8333333333333334,0.15214515486254612,-0.5864007272546532,0.2968436450358608,0.7271154637257117,0.0,0.0,0.3173701915562422,0.4477331192769894,0.0,0.0,2.1629990704033197,0.94548904901028,3.0246177754482373,10.956765452899816,10.802593024858972,2.9519906244344156,34.93456088085442,0.37610173698458366,0.0964538759559595,0.0,0.04726447475155302,9.941393378210355e-15,2117.1767081535304,0.0,34.80737018425461,0.14333333333333334,0.0,0.0,1.0,0.0,25.104260365168255,2.6041059494018555,6,0.8333333333333334,0.15214515486254612,2.1629990704033197,10.956765452899816,0,,,,
probit,mi3,heavy_tail,50,robit,heavy_tail,q0.99,6,0.6666666666666666,0.19245008972987526,-1.1420508194302417,0.16934908433350812,0.4148188450246515,0.0,0.0,0.6174697876529246,0.6174697876529246,0.0,0.0,8.014495695843632,1.7792639176480296,8.947683594200074,24.191866986600058,23.794401105765306,6.542985145705199,36.979043622122525,0.37610173698458366,0.0964538759559595,0.0,0.04726447475155302,9.941393378210355e-15,2117.1767081535304,0.0,34.80737018425461,0.14333333333333334,0.0,0.0,1.0,0.0,25.104260365168255,2.6041059494018555,6,0.6666666666666666,0.19245008972987526,8.014495695843632,24.191866986600058,0,,,,
probit,mi3,near_probit,50,probit,,q0.5,6,1.0,0.0,-0.04107706389781496,0.29886245134837125,0.732060509080872,0.0,0.0,0.02078859271705202,0.2771625311579848,0.0,0.0,-0.038360619764710314,0.18619767002903523,0.41811409778903663,2.6335916219442432,2.8188982368028928,0.6669446485142663,30.0,,,,,3.700663348324626e-14,1517.422072856656,0.0,35.370184254606365,0.25666666666666665,0.0,0.0,1.0,0.0,2.048097292582194,2.479339083035787,6,1.0,0.0,-0.038360619764710314,2.6335916219442432,0,,,,
probit,mi3,near_probit,50,probit,,q0.95,6,1.0,0.0,0.2745617575075802,0.31547088434200415,0.7727426953424774,0.0,0.0,-0.14235749211759696,0.31268949244856764,0.0,0.0,-0.19995289998137386,0.38512470719261394,0.8840737314624525,5.227957042700489,5.61322848443336,1.349908459061746,34.93456088085442,,,,,3.700663348324626e-14,1517.422072856656,0.0,35.370184254606365,0.25666666666666665,0.0,0.0,1.0,0.0,2.048097292582194,2.479339083035787,6,1.0,0.0,-0.19995289998137386,5.227957042700489,0,,,,
probit,mi3,near_probit,50,probit,,q0.99,6,1.0,0.0,0.29859486646915445,0.36065537469710723,0.8834216410001878,0.0,0.0,-0.15556022011197654,0.33800564686552553,0.16666666666666666,0.15214515486254615,-0.26690366540947724,0.5607301276480984,1.2819239239792186,6.890695912060145,7.340321759704452,1.7868535538296502,36.979043622122525,,,,,3.700663348324626e-14,1517.422072856656,0.0,35.370184254606365,0.25666666666666665,0.0,0.0,1.0,0.0,2.048097292582194,2.479339083035787,6,1.0,0.0,-0.26690366540947724,6.890695912060145,0,,,,
probit,mi3,near_probit,50,robit,near_probit,q0.5,6,1.0,0.0,-0.05181508540937521,0.2880778968539504,0.7056438534663019,0.0,0.0,0.025512340390541358,0.26478137131028645,0.0,0.0,-0.029447449439392887,0.17971609415477557,0.4029348889953889,2.6852177797513117,2.879714085983304,0.6794500215885749,30.0,0.04959445020751399,0.04575370514593614,0.13885364820736443,0.0,5.874398368927734e-14,1517.422072856656,0.0,35.370184254606365,0.25666666666666665,0.0,0.0,1.0,0.0,25.453567306200664,2.479339083035787,6,1.0,0.0,-0.029447449439392887,2.6852177797513117,0,,,,
probit,mi3,near_probit,50,robit,near_probit,q0.95,6,1.0,0.0,0.1989751683607163,0.305614797464933,0.7486003116331117,0.0,0.0,-0.1030496116936875,0.29368953803005954,0.0,0.0,-0.10525516113396331,0.3987295481019293,0.8977777629197441,5.461422212753642,5.817271374788085,1.4078218655053751,34.93456088085442,0.04959445020751399,0.04575370514593614,0.13885364820736443,0.0,5.874398368927734e-14,1517.422072856656,0.0,35.370184254606365,0.25666666666666665,0.0,0.0,1.0,0.0,25.453567306200664,2.479339083035787,6,1.0,0.0,-0.10525516113396331,5.461422212753642,0,,,,
probit,mi3,near_probit,50,robit,near_probit,q0.99,6,1.0,0.0,0.0723889141143431,0.3300973123081774,0.8085699806191758,0.0,0.0,-0.03811942340157073,0.3074030473554054,0.16666666666666666,0.15214515486254615,0.13276604467250053,0.6041558420197944,1.3574417961191612,7.642051920477036,8.07654173891001,1.9812290869626832,36.979043622122525,0.04959445020751399,0.04575370514593614,0.13885364820736443,0.0,5.874398368927734e-14,1517.422072856656,0.0,35.370184254606365,0.25666666666666665,0.0,0.0,1.0,0.0,25.453567306200664,2.479339083035787,6,1.0,0.0,0.13276604467250053,7.642051920477036,0,,,,
probit,mi3,reference_uniform,50,probit,,q0.5,6,1.0,0.0,-0.0006830101592421774,0.19081355613273887,0.467395848531126,0.0,0.0,0.0001572221020843534,0.18498404418782868,0.0,0.0,-0.007443474868703485,0.13206562811133862,0.2954015165166438,2.8926746290359096,2.903363976998337,0.7297393821276988,30.0,,,,,2.7911501385343867e-15,1721.816140465614,0.0,35.41708542713568,0.2366666666666667,0.0,0.0,1.0,0.0,2.2008255322774253,2.7154943545659385,6,1.0,0.0,-0.007443474868703485,2.8926746290359096,0,,,,
probit,mi3,reference_uniform,50,probit,,q0.95,6,1.0,0.0,-0.3815752126236808,0.16792353379224345,0.4113269735960047,0.0,0.0,0.20069804816209483,0.24287165725436843,0.0,0.0,0.7422299038113293,0.3208530289488486,1.0322977095005241,6.836560363433968,6.97739966118651,1.8097210012896767,34.93456088085442,,,,,2.7911501385343867e-15,1721.816140465614,0.0,35.41708542713568,0.2366666666666667,0.0,0.0,1.0,0.0,2.2008255322774253,2.7154943545659385,6,1.0,0.0,0.7422299038113293,6.836560363433968,0,,,,
probit,mi3,reference_uniform,50,probit,,q0.99,6,1.0,0.0,-0.40267623144990233,0.1685668407428402,0.41290274737295257,0.0,0.0,0.21253651203432714,0.24511294646994441,0.0,0.0,1.0528338909353703,0.43861664975624903,1.4388822151653313,9.224813759389981,9.447480887202715,2.4546080498762133,36.979043622122525,,,,,2.7911501385343867e-15,1721.816140465614,0.0,35.41708542713568,0.2366666666666667,0.0,0.0,1.0,0.0,2.2008255322774253,2.7154943545659385,6,1.0,0.0,1.0528338909353703,9.224813759389981,0,,,,
probit,mi3,reference_uniform,50,robit,reference_uniform,q0.5,6,1.0,0.0,0.01368453264945195,0.1719495024958598,0.42118854264027905,0.0,0.0,-0.006979355127655115,0.16043162292991678,0.0,0.0,-0.020932497720539917,0.12665466384751034,0.2839809656164469,3.085471783859465,3.155597972585209,0.7806964070582724,30.0,0.25040029638951,0.14426131597130235,0.01547049163123375,0.015619618922853545,3.8719994944418335e-15,1721.816140465614,0.0,35.41708542713568,0.2366666666666667,0.0,0.0,1.0,0.0,25.24594247341156,2.7154943545659385,6,1.0,0.0,-0.020932497720539917,3.085471783859465,0,,,,
probit,mi3,reference_uniform,50,robit,reference_uniform,q0.95,6,1.0,0.0,-0.6772319957989402,0.13143362704814066,0.3219453213112102,0.0,0.0,0.3582121098856707,0.3582121098856707,0.0,0.0,1.7018163040827605,0.3677776805152728,1.8901007497664977,9.18049098015438,9.358712826495193,2.436045003988499,34.93456088085442,0.25040029638951,0.14426131597130235,0.01547049163123375,0.015619618922853545,3.8719994944418335e-15,1721.816140465614,0.0,35.41708542713568,0.2366666666666667,0.0,0.0,1.0,0.0,25.24594247341156,2.7154943545659385,6,1.0,0.0,1.7018163040827605,9.18049098015438,0,,,,
probit,mi3,reference_uniform,50,robit,reference_uniform,q0.99,6,1.0,0.0,-0.9619282181039269,0.09079914798023901,0.22241158163104738,0.0,0.0,0.5187264446816904,0.5187264446816904,0.0,0.0,5.2077892989316945,0.6560638653508117,5.410468404783703,19.731145685558513,20.124309472412893,5.327388536537353,36.979043622122525,0.25040029638951,0.14426131597130235,0.01547049163123375,0.015619618922853545,3.8719994944418335e-15,1721.816140465614,0.0,35.41708542713568,0.2366666666666667,0.0,0.0,1.0,0.0,25.24594247341156,2.7154943545659385,6,1.0,0.0,5.2077892989316945,19.731145685558513,0,,,,
robit_1.0,mi2,,50,probit,,q0.5,6,1.0,0.0,-0.10736901388178542,0.37920185596559486,0.9288510566320686,0.0,0.0,0.05390847672397831,0.3407798973605016,0.0,0.0,0.11283862047286301,0.40624242756461026,0.9153671962869092,3.8228233963752327,3.437512976086495,0.9688984495246505,30.0,,,,,1.923924816153873e-14,310.8345450389142,0.0,37.19932998324958,0.38666666666666666,0.6905666521672292,1.6666666666666667,0.16666666666666666,0.0,2.126619060834249,1.2484099864959717,1,1.0,0.0,0.42716481562914055,3.2567152569710807,5,1.0,0.0,0.0499733814416075,3.936045024256063
robit_1.0,mi2,,50,probit,,q0.95,6,0.8333333333333334,0.15214515486254612,-0.16376797142958163,0.4168896539066222,1.0211669311167,0.0,0.0,0.08468904304297893,0.3661183167625807,0.0,0.0,0.6141249251520703,0.8057960258091856,1.9035980667521242,7.493308039900923,7.159467956717457,1.9321161777971232,36.504586384524266,,,,,1.923924816153873e-14,310.8345450389142,0.0,37.19932998324958,0.38666666666666666,0.6905666521672292,1.6666666666666667,0.16666666666666666,0.0,2.126619060834249,1.2484099864959717,1,1.0,0.0,0.314985679206643,7.499705493558437,5,0.8,0.17888543819998315,0.6739527743411557,7.4920285491694205
robit_1.0,mi2,,50,probit,,q0.99,6,0.8333333333333334,0.15214515486254612,1.1993215916694762,0.5226533831495188,1.2802341010556726,0.0,0.0,-0.6208345698660082,0.6832874991176201,0.6666666666666666,0.19245008972987526,-2.5289121124364713,1.0539451897523349,3.4567902434828643,9.840667157942098,9.543770535826908,2.547632791520327,42.55029017330671,,,,,1.923924816153873e-14,310.8345450389142,0.0,37.19932998324958,0.38666666666666666,0.6905666521672292,1.6666666666666667,0.16666666666666666,0.0,2.126619060834249,1.2484099864959717,1,1.0,0.0,-3.0822217976529984,10.055956816717085,5,0.8,0.17888543819998315,-2.4182501753931662,9.797609226187102
robit_1.0,mi2,,50,robit,heavy_tail,q0.5,6,1.0,0.0,-0.096772480713947,0.3081869947208353,0.7549008824278595,0.0,0.0,0.04934507324547217,0.2847741389615161,0.0,0.0,0.10047185707783335,0.39622297363878595,0.8916601472873389,4.489109189721344,4.038517957739426,1.1481974924205174,30.0,0.3766928028632584,0.0961634155404104,0.0,0.04763643722469,2.0162708762390574e-14,310.8345450389142,0.0,37.19932998324958,0.38666666666666666,0.6905666521672292,1.6666666666666667,0.16666666666666666,0.0,25.563730994860332,1.2484099864959717,1,1.0,0.0,0.3836446871960639,3.4539174058235,5,1.0,0.0,0.04383729105418723,4.696147546500914
robit_1.0,mi2,,50,robit,heavy_tail,q0.95,6,0.8333333333333334,0.15214515486254612,-0.6097686160497348,0.28076548280977104,0.6877321702701008,0.0,0.0,0.3131146572162063,0.3980477699433025,0.0,0.0,2.025157429016204,0.9040227118163492,2.8613891608270356,11.071256763595342,10.488645349398077,2.84112621148927,36.504586384524266,0.3766928028632584,0.0961634155404104,0.0,0.04763643722469,2.0162708762390574e-14,310.8345450389142,0.0,37.19932998324958,0.38666666666666666,0.6905666521672292,1.6666666666666667,0.16666666666666666,0.0,25.563730994860332,1.2484099864959717,1,1.0,0.0,1.6603619211160705,10.880824632338246,5,0.8,0.17888543819998315,2.0981165305962306,11.10934318984676
robit_1.0,mi2,,50,robit,heavy_tail,q0.99,6,1.0,0.0,-0.7234063808850387,0.2198228855874865,0.5384539034755482,0.0,0.0,0.37723775911551066,0.39837392581515035,0.0,0.0,5.004681752706515,1.6935381884829037,6.275922037846179,23.66612585974437,22.927043111840902,6.171726810267571,42.55029017330671,0.3766928028632584,0.0961634155404104,0.0,0.04763643722469,2.0162708762390574e-14,310.8345450389142,0.0,37.19932998324958,0.38666666666666666,0.6905666521672292,1.6666666666666667,0.16666666666666666,0.0,25.563730994860332,1.2484099864959717,1,1.0,0.0,4.014110799009423,23.599869413006672,5,1.0,0.0,5.202795943445933,23.67937714909191
robit_1.0,mi2,,50,robit,near_probit,q0.5,6,1.0,0.0,-0.1074315862154472,0.36967404482735583,0.9055127809777768,0.0,0.0,0.05386349974250965,0.3343796192515145,0.0,0.0,0.11255073978229942,0.4055692393657029,0.9138379006278501,3.910064246282811,3.5158513445737007,0.9913414641919372,30.0,0.0499787469169238,0.046069013643795405,0.13763796950553253,0.0,2.730072289522418e-14,310.8345450389142,0.0,37.19932998324958,0.38666666666666666,0.6905666521672292,1.6666666666666667,0.16666666666666666,0.0,25.436263918876648,1.2484099864959717,1,1.0,0.0,0.42362272104094956,3.289161480574755,5,1.0,0.0,0.05033634353056939,4.034244799424422
robit_1.0,mi2,,50,robit,near_probit,q0.95,6,0.8333333333333334,0.15214515486254612,-0.2208908706527817,0.39777904765713806,0.9743556971302205,0.0,0.0,0.1139584439635266,0.3494706733815631,0.0,0.0,0.7441796522461862,0.8157544118192956,1.9700455976526225,7.861301458451418,7.502254745011861,2.0233683252061367,36.504586384524266,0.0499787469169238,0.046069013643795405,0.13763796950553253,0.0,2.730072289522418e-14,310.8345450389142,0.0,37.19932998324958,0.38666666666666666,0.6905666521672292,1.6666666666666667,0.16666666666666666,0.0,25.436263918876648,1.2484099864959717,1,1.0,0.0,0.4390187507566523,7.848003312193185,5,0.8,0.17888543819998315,0.8052118325440929,7.863961087703065
robit_1.0,mi2,,50,robit,near_probit,q0.99,6,0.8333333333333334,0.15214515486254612,0.8731834829737671,0.470581714894636,1.1526850837757288,0.0,0.0,-0.4518935252788618,0.5800873180280196,0.6666666666666666,0.19245008972987526,-1.945464847236554,1.1044454785438547,3.1438563178384866,10.961656568780652,10.617440708268159,2.8369498617287134,42.55029017330671,0.0499787469169238,0.046069013643795405,0.13763796950553253,0.0,2.730072289522418e-14,310.8345450389142,0.0,37.19932998324958,0.38666666666666666,0.6905666521672292,1.6666666666666667,0.16666666666666666,0.0,25.436263918876648,1.2484099864959717,1,1.0,0.0,-2.5327382406570464,11.153403756937003,5,0.8,0.17888543819998315,-1.8280101685524557,10.923307131149382
robit_1.0,mi2,,50,robit,reference_uniform,q0.5,6,1.0,0.0,-0.10078585508777403,0.32917128127173517,0.8063016770939117,0.0,0.0,0.05093498697594311,0.30145445564546103,0.0,0.0,0.10528658035460481,0.40012085736895026,0.9008711153717195,4.290301727843979,3.8462788953250353,1.0906141485843837,30.0,0.2543576303640344,0.1440300253680254,0.014695320216833563,0.016314039726525995,2.313822615734098e-14,310.8345450389142,0.0,37.19932998324958,0.38666666666666666,0.6905666521672292,1.6666666666666667,0.16666666666666666,0.0,25.44424605369568,1.2484099864959717,1,1.0,0.0,0.39917603202032836,3.4061001232054906,5,1.0,0.0,0.046508690021460096,4.467142048771677
robit_1.0,mi2,,50,robit,reference_uniform,q0.95,6,0.8333333333333334,0.15214515486254612,-0.4656888430173593,0.3125738006460488,0.7656463185452503,0.0,0.0,0.23994354270072846,0.3686497109856716,0.0,0.0,1.501499936581234,0.8718480146860391,2.460710641890547,10.013907343152571,9.54196759910089,2.577110102020944,36.504586384524266,0.2543576303640344,0.1440300253680254,0.014695320216833563,0.016314039726525995,2.313822615734098e-14,310.8345450389142,0.0,37.19932998324958,0.38666666666666666,0.6905666521672292,1.6666666666666667,0.16666666666666666,0.0,25.44424605369568,1.2484099864959717,1,1.0,0.0,1.183683787335859,9.915555200991157,5,0.8,0.17888543819998315,1.5650631664303092,10.033577771584854
robit_1.0,mi2,,50,robit,reference_uniform,q0.99,6,1.0,0.0,-0.2677254884733155,0.24570371995246984,0.6018487417872453,0.0,0.0,0.14138474743785404,0.2608902760270057,0.16666666666666666,0.15214515486254615,2.063692111140824,1.4683203081090321,3.8779695416044575,21.194938504552383,20.48757051905241,5.590392335300476,42.55029017330671,0.2543576303640344,0.1440300253680254,0.014695320216833563,0.016314039726525995,2.313822615734098e-14,310.8345450389142,0.0,37.19932998324958,0.38666666666666666,0.6905666521672292,1.6666666666666667,0.16666666666666666,0.0,25.44424605369568,1.2484099864959717,1,1.0,0.0,1.3621339154285579,21.079857407056835,5,1.0,0.0,2.2040037502832774,21.21795472405149
robit_1.0,mi3,heavy_tail,50,probit,,q0.5,6,1.0,0.0,0.4462230680430781,0.360577747199551,0.8832314932411659,0.0,0.0,-0.22506194303640795,0.3987831188988203,0.0,0.0,-0.361420451714683,0.268538347029913,0.7008487440564015,3.1991905085475096,3.1040662285501988,0.8067309770998411,30.0,,,,,6.953189828748022e-15,2871.5779697562994,0.0,34.80737018425461,0.15,0.16429607074730967,1.1666666666666667,0.3333333333333333,0.0,2.1279748678207397,2.588598370552063,2,1.0,0.0,-0.39057632761938343,2.8977486222547775,4,1.0,0.0,-0.34684251376233277,3.3499114516938757
robit_1.0,mi3,heavy_tail,50,probit,,q0.95,6,1.0,0.0,0.26416069928329433,0.26457648324323413,0.6480773818859473,0.0,0.0,-0.14271341485985348,0.30800556783023825,0.0,0.0,-0.34768600212097905,0.7041041777708222,1.6123582175938747,8.687783818744998,8.388232211833152,2.347510543593403,36.504586384524266,,,,,6.953189828748022e-15,2871.5779697562994,0.0,34.80737018425461,0.15,0.16429607074730967,1.1666666666666667,0.3333333333333333,0.0,2.1279748678207397,2.588598370552063,2,1.0,0.0,-1.0722537718628367,7.814980387095925,4,1.0,0.0,0.014597882749949775,9.124185534569536
robit_1.0,mi3,heavy_tail,50,probit,,q0.99,6,1.0,0.0,1.30985614836802,0.35116797050344256,0.8601823417421681,0.0,0.0,-0.71173917131576,0.7480669336001952,0.8333333333333334,0.15214515486254612,-3.692725077431414,0.9551636670105058,4.265900450242086,11.84344160583647,11.446826233728604,3.2162491087847247,42.55029017330671,,,,,6.953189828748022e-15,2871.5779697562994,0.0,34.80737018425461,0.15,0.16429607074730967,1.1666666666666667,0.3333333333333333,0.0,2.1279748678207397,2.588598370552063,2,1.0,0.0,-4.70541526563181,10.593786707040337,4,1.0,0.0,-3.186379983331216,12.468269055234538
robit_1.0,mi3,heavy_tail,50,robit,heavy_tail,q0.5,6,1.0,0.0,0.41775178760047954,0.3373772875679543,0.8264022053457146,0.0,0.0,-0.21253563181341786,0.3663959929481728,0.0,0.0,-0.3699693812208705,0.26753652005795897,0.7033891461094401,3.4274641857652672,3.2491844819025815,0.8705435247049036,30.0,0.37614189962822436,0.09651276825165482,0.0,0.04738035329073278,2.1877495835364745e-14,2871.5779697562994,0.0,34.80737018425461,0.15,0.16429607074730967,1.1666666666666667,0.3333333333333333,0.0,25.30759608745575,2.588598370552063,2,1.0,0.0,-0.36699232024054673,3.0771200131732535,4,1.0,0.0,-0.3714579117110324,3.6026362720612743
robit_1.0,mi3,heavy_tail,50,robit,heavy_tail,q0.95,6,1.0,0.0,-0.39330721591544854,0.1838881483412035,0.4504321331811695,0.0,0.0,0.2128182171045153,0.21877688323476896,0.0,0.0,1.6588402050257354,0.924105675043402,2.6498315642785544,12.83976547857561,12.37207637418284,3.4759559912715208,36.504586384524266,0.37614189962822436,0.09651276825165482,0.0,0.04738035329073278,2.1877495835364745e-14,2871.5779697562994,0.0,34.80737018425461,0.15,0.16429607074730967,1.1666666666666667,0.3333333333333333,0.0,25.30759608745575,2.588598370552063,2,1.0,0.0,0.6148796188006997,11.313128791713456,4,1.0,0.0,2.180820498138253,13.603083822006685
robit_1.0,mi3,heavy_tail,50,robit,heavy_tail,q0.99,6,1.0,0.0,-0.5460806505169241,0.1515363600699077,0.37118675964993725,0.0,0.0,0.2960784662904033,0.2960784662904033,0.0,0.0,4.775123496900606,1.8591861987404883,6.331245613509857,28.41438314626249,27.235047294416663,7.712138218273711,42.55029017330671,0.37614189962822436,0.09651276825165482,0.0,0.04738035329073278,2.1877495835364745e-14,2871.5779697562994,0.0,34.80737018425461,0.15,0.16429607074730967,1.1666666666666667,0.3333333333333333,0.0,25.30759608745575,2.588598370552063,2,1.0,0.0,2.6033467438686984,24.88575687638432,4,1.0,0.0,5.86101187341656,30.17869628120158
robit_1.0,mi3,near_probit,50,probit,,q0.5,6,1.0,0.0,-0.2064437401292145,0.17546104568385346,0.42979003166060964,0.0,0.0,0.10433222053049157,0.18476702285991134,0.0,0.0,0.13005557034996862,0.1161725328301584,0.2905077250262491,2.9931053146011206,2.8188982368028928,0.7577992816425562,30.0,,,,,1.484207089596008e-14,1663.735107051001,0.0,35.88609715242881,0.31,0.35178717812653354,1.1666666666666667,0.5,0.0,2.016103227933248,3.5180206298828125,3,1.0,0.0,-0.04070267763356602,2.549401719207778,3,1.0,0.0,0.30081381833350324,3.4368089099944634
robit_1.0,mi3,near_probit,50,probit,,q0.95,6,1.0,0.0,0.806096116473863,0.4907809438802313,1.202162887988073,0.0,0.0,-0.41961795537323554,0.6313241820322065,0.16666666666666666,0.15214515486254615,-0.8442049551592122,0.6857688569109249,1.7504504082835226,5.9882968820676235,5.615439372584881,1.5476506902187956,36.504586384524266,,,,,1.484207089596008e-14,1663.735107051001,0.0,35.88609715242881,0.31,0.35178717812653354,1.1666666666666667,0.5,0.0,2.016103227933248,3.5180206298828125,3,1.0,0.0,-1.839095683161517,5.160805254191554,3,1.0,0.0,0.1506857728430925,6.815788509943694
robit_1.0,mi3,near_probit,50,probit,,q0.99,6,0.3333333333333333,0.19245008972987526,2.6022675235788895,0.6965185206790265,1.7061149720617883,0.16666666666666666,0.15214515486254615,-1.3562428768260162,1.3562428768260162,0.6666666666666666,0.19245008972987526,-4.598589202984344,0.9665298382235621,5.081133957955301,7.906178585725943,7.4099490006724515,2.052264749116832,42.55029017330671,,,,,1.484207089596008e-14,1663.735107051001,0.0,35.88609715242881,0.31,0.35178717812653354,1.1666666666666667,0.5,0.0,2.016103227933248,3.5180206298828125,3,0.0,0.0,-5.93493374473006,6.830054507820731,3,0.6666666666666666,0.2721655269759087,-3.2622446612386278,8.982302663631154
robit_1.0,mi3,near_probit,50,robit,near_probit,q0.5,6,1.0,0.0,-0.20580479737477023,0.17020083492272267,0.41690519935634207,0.0,0.0,0.10369262234573157,0.17945282085992956,0.0,0.0,0.13391345805921814,0.11495905592910341,0.28984605733032076,3.059131195759139,2.879714085983304,0.7736391829547569,30.0,0.04924731097866334,0.045555206900230176,0.14006165254821287,0.0,1.5095962934333544e-14,1663.735107051001,0.0,35.88609715242881,0.31,0.35178717812653354,1.1666666666666667,0.5,0.0,26.254695296287537,3.5180206298828125,3,1.0,0.0,-0.04091376370835439,2.6032760323938042,3,1.0,0.0,0.30874067982679065,3.514986359124473
robit_1.0,mi3,near_probit,50,robit,near_probit,q0.95,6,1.0,0.0,0.6962938249384664,0.47135105603075106,1.1545695769973436,0.0,0.0,-0.3619029304498702,0.5902942394249039,0.16666666666666666,0.15214515486254615,-0.7242632691799251,0.7009472412792263,1.7266130019109616,6.273872941115052,5.8889687150865555,1.6189200475032557,36.504586384524266,0.04924731097866334,0.045555206900230176,0.14006165254821287,0.0,1.5095962934333544e-14,1663.735107051001,0.0,35.88609715242881,0.31,0.35178717812653354,1.1666666666666667,0.5,0.0,26.254695296287537,3.5180206298828125,3,1.0,0.0,-1.7404401588981127,5.418356318797403,3,1.0,0.0,0.29191362053826236,7.1293895634327
robit_1.0,mi3,near_probit,50,robit,near_probit,q0.99,6,0.5,0.2041241452319315,2.132416025570111,0.6323740985937402,1.5489938681071245,0.16666666666666666,0.15214515486254615,-1.1112569257407288,1.1112569257407288,0.6666666666666666,0.19245008972987526,-4.1188487047085465,1.0263132213758168,4.71503009472191,8.803048516533048,8.259160174397557,2.2843431890138555,42.55029017330671,0.04924731097866334,0.045555206900230176,0.14006165254821287,0.0,1.5095962934333544e-14,1663.735107051001,0.0,35.88609715242881,0.31,0.35178717812653354,1.1666666666666667,0.5,0.0,26.254695296287537,3.5180206298828125,3,0.3333333333333333,0.2721655269759087,-5.5310864999436165,7.609504094689953,3,0.6666666666666666,0.2721655269759087,-2.7066109094734756,9.996592938376141
robit_1.0,mi3,reference_uniform,50,probit,,q0.5,6,0.8333333333333334,0.15214515486254612,0.34233649554167317,0.39333134167121225,0.96346108693878,0.0,0.0,-0.17282085662769922,0.3420285917846788,0.0,0.0,-0.3149600123793081,0.3400387927760669,0.8230016478482888,3.4071388873490527,3.392792160796219,0.8596898115512843,30.0,,,,,1.6210414095996832e-15,2666.7881217338117,0.0,36.14405360134003,0.27666666666666667,0.31464600566777445,1.8333333333333333,0.16666666666666666,0.0,2.115973154703776,2.716147541999817,1,1.0,0.0,0.4530950064288142,2.673486853820286,5,0.8,0.17888543819998315,-0.46857101614093255,3.553869294054806
robit_1.0,mi3,reference_uniform,50,probit,,q0.95,6,1.0,0.0,0.060425001649000255,0.20626337460422975,0.505240020404905,0.0,0.0,-0.03291061917085671,0.18616247478413528,0.0,0.0,-0.060547443113890154,0.47669016344496384,1.0676298761713074,7.977863213098378,7.893846097753524,2.10090344340784,36.504586384524266,,,,,1.6210414095996832e-15,2666.7881217338117,0.0,36.14405360134003,0.27666666666666667,0.31464600566777445,1.8333333333333333,0.16666666666666666,0.0,2.115973154703776,2.716147541999817,1,1.0,0.0,-0.695691814721819,6.816552179999746,5,1.0,0.0,0.0664814312076956,8.210125419718105
robit_1.0,mi3,reference_uniform,50,probit,,q0.99,6,1.0,0.0,1.2010120564931241,0.22958523583155643,0.5623666802638544,0.0,0.0,-0.6379298119971094,0.6379298119971094,0.8333333333333334,0.15214515486254612,-3.305868980481152,0.5990678914559672,3.566956883531813,10.767271289935337,10.645175655828066,2.849438977874336,42.55029017330671,,,,,1.6210414095996832e-15,2666.7881217338117,0.0,36.14405360134003,0.27666666666666667,0.31464600566777445,1.8333333333333333,0.16666666666666666,0.0,2.115973154703776,2.716147541999817,1,1.0,0.0,-4.522385637390954,9.316818170043959,5,1.0,0.0,-3.0625656490991915,11.057361913913613
robit_1.0,mi3,reference_uniform,50,robit,reference_uniform,q0.5,6,1.0,0.0,0.3521084927881315,0.3731410345785612,0.9140051368116887,0.0,0.0,-0.17871008161780041,0.33026025388808367,0.0,0.0,-0.3404370762162774,0.34220468794754566,0.8375068030345023,3.608617257415467,3.59113642197363,0.9132142982807138,30.0,0.25617056322971904,0.14403037214668793,0.014340216825329469,0.016642588423690576,3.8719994944418335e-15,2666.7881217338117,0.0,36.14405360134003,0.27666666666666667,0.31464600566777445,1.8333333333333333,0.16666666666666666,0.0,25.635100483894348,2.716147541999817,1,1.0,0.0,0.4215675034822688,2.7724728633579083,5,1.0,0.0,-0.4928379921559866,3.7758461362269786
robit_1.0,mi3,reference_uniform,50,robit,reference_uniform,q0.95,6,1.0,0.0,-0.33869480940506413,0.15929955277895702,0.3902026205620027,0.0,0.0,0.17799753973424262,0.19416482834294388,0.0,0.0,1.0195009881955492,0.5235800751149055,1.5524376767581853,10.663831726288247,10.549836514697368,2.8135796784361324,36.504586384524266,0.25617056322971904,0.14403037214668793,0.014340216825329469,0.016642588423690576,3.8719994944418335e-15,2666.7881217338117,0.0,36.14405360134003,0.27666666666666667,0.31464600566777445,1.8333333333333333,0.16666666666666666,0.0,25.635100483894348,2.716147541999817,1,1.0,0.0,0.19630667537271762,9.139267529968073,5,1.0,0.0,1.1841398507601155,10.968744565552282
robit_1.0,mi3,reference_uniform,50,robit,reference_uniform,q0.99,6,1.0,0.0,-0.23711282298602465,0.1166881764640373,0.2858264913527328,0.0,0.0,0.126651984284732,0.14541745776307521,0.0,0.0,1.6079661332272697,0.8415719805601554,2.4752317220667583,23.024221640518657,22.692106463012035,6.18479605347359,42.55029017330671,0.25617056322971904,0.14403037214668793,0.014340216825329469,0.016642588423690576,3.8719994944418335e-15,2666.7881217338117,0.0,36.14405360134003,0.27666666666666667,0.31464600566777445,1.8333333333333333,0.16666666666666666,0.0,25.635100483894348,2.716147541999817,1,1.0,0.0,-0.5498660398961022,19.534671499431845,5,1.0,0.0,2.039532567851944,23.72213166873602
tail_1.0,mi2,,50,probit,,q0.5,6,1.0,0.0,-0.3691846311465648,0.33887470974303074,0.8300701256041805,0.0,0.0,0.1869080237609638,0.3340992147828532,0.0,0.0,0.40405296867106344,0.33701612904265293,0.8550778664346129,3.6776582629536754,3.2967543401499952,0.9321374535109407,30.0,,,,,2.2279167438602655e-14,149.7998225017912,0.0,37.19932998324958,0.39999999999999997,0.5995899658436449,0.6666666666666666,0.6666666666666666,0.0,2.1714887221654258,1.2194580634435017,4,1.0,0.0,0.10138974713520454,3.2050265499806017,2,1.0,0.0,1.0093794117427812,4.622921688899822
tail_1.0,mi2,,50,probit,,q0.95,6,0.8333333333333334,0.15214515486254612,0.6173230231397613,0.4669727654043566,1.1438449990170667,0.0,0.0,-0.3181566966614837,0.5227768516073168,0.16666666666666666,0.15214515486254615,-0.8453247891778565,0.7830260513548007,1.9442795541536826,7.204088740313949,7.106978061330594,1.8576747660613746,37.93456088085442,,,,,2.2279167438602655e-14,149.7998225017912,0.0,37.19932998324958,0.39999999999999997,0.5995899658436449,0.6666666666666666,0.6666666666666666,0.0,2.1714887221654258,1.2194580634435017,4,0.75,0.21650635094610965,-1.9333890676789487,6.482921467267829,2,1.0,0.0,1.330803767824328,8.64642328640619
tail_1.0,mi2,,50,probit,,q0.99,6,0.8333333333333334,0.15214515486254612,1.407738849196211,0.5107096652205935,1.2509780864980744,0.0,0.0,-0.7285439851873633,0.7646660724590094,0.6666666666666666,0.19245008972987526,-3.000008586383655,0.9901867828627885,3.728592340703989,9.451110235637904,9.471991056246829,2.4471453336956936,42.85904362212253,,,,,2.2279167438602655e-14,149.7998225017912,0.0,37.19932998324958,0.39999999999999997,0.5995899658436449,0.6666666666666666,0.6666666666666666,0.0,2.1714887221654258,1.2194580634435017,4,0.75,0.21650635094610965,-4.4134795109288305,8.544838963272355,2,1.0,0.0,-0.17306673729330413,11.263652780369
tail_1.0,mi2,,50,robit,heavy_tail,q0.5,6,1.0,0.0,-0.3237964485992825,0.27153991974451513,0.6651342481703572,0.0,0.0,0.165857191498601,0.28182813503925874,0.0,0.0,0.41695810398097066,0.3187164673945414,0.825684560481595,4.312894253243999,3.9472591963895383,1.1032025047684193,30.0,0.37630059557854717,0.09634439261619547,0.0,0.04743234576861224,2.2355875664573648e-14,149.7998225017912,0.0,37.19932998324958,0.39999999999999997,0.5995899658436449,0.6666666666666666,0.6666666666666666,0.0,25.28817657629649,1.2194580634435017,4,1.0,0.0,0.1230746308575883,3.7234946354921155,2,1.0,0.0,1.0047250502277354,5.4916934887477655
tail_1.0,mi2,,50,robit,heavy_tail,q0.95,6,1.0,0.0,-0.0836073655073476,0.31241565183935655,0.7652589346654244,0.0,0.0,0.04293864332608504,0.2577579305507809,0.16666666666666666,0.15214515486254615,0.5133608546722416,0.8604758600461451,1.9913896895687142,10.591745035934867,10.399267021654872,2.719017359398819,37.93456088085442,0.37630059557854717,0.09634439261619547,0.0,0.04743234576861224,2.2355875664573648e-14,149.7998225017912,0.0,37.19932998324958,0.39999999999999997,0.5995899658436449,0.6666666666666666,0.6666666666666666,0.0,25.28817657629649,1.2194580634435017,4,1.0,0.0,-0.611000024621541,9.550634274689829,2,1.0,0.0,2.762082613259807,12.673966558424944
tail_1.0,mi2,,50,robit,heavy_tail,q0.99,6,1.0,0.0,-0.6360936954669077,0.21090386847039883,0.5166068625315344,0.0,0.0,0.33176370987034426,0.36282868802142687,0.0,0.0,4.179537548561626,1.492989181101396,5.349169804209398,22.632438388679248,22.74067673253851,5.903475816859186,42.85904362212253,0.37630059557854717,0.09634439261619547,0.0,0.04743234576861224,2.2355875664573648e-14,149.7998225017912,0.0,37.19932998324958,0.39999999999999997,0.5995899658436449,0.6666666666666666,0.6666666666666666,0.0,25.28817657629649,1.2194580634435017,4,1.0,0.0,2.1467068614080027,20.57668479627766,2,1.0,0.0,8.245198922868873,26.74394557348241
tail_1.0,mi2,,50,robit,near_probit,q0.5,6,1.0,0.0,-0.3637508096890569,0.3299848075549132,0.8082944013800408,0.0,0.0,0.18429521793245673,0.32700760659148753,0.0,0.0,0.4067404342861103,0.335290549653791,0.8529575278517447,3.7643182742846792,3.378076202923877,0.9538438833859354,30.0,0.049840544878714525,0.0459784920390034,0.13816914929028287,0.0,3.1294193559771534e-14,149.7998225017912,0.0,37.19932998324958,0.39999999999999997,0.5995899658436449,0.6666666666666666,0.6666666666666666,0.0,25.171491861343384,1.2194580634435017,4,1.0,0.0,0.10392314687044824,3.2757603290773485,2,1.0,0.0,1.0123750091174344,4.74143416469934
tail_1.0,mi2,,50,robit,near_probit,q0.95,6,1.0,0.0,0.5233963685715798,0.44471471813093644,1.0893241405264409,0.0,0.0,-0.26921881008910037,0.48333310398634,0.16666666666666666,0.15214515486254615,-0.7192205778255195,0.7903686514364384,1.9080595550021346,7.5535359696247175,7.445294851158565,1.9442703449864416,37.93456088085442,0.049840544878714525,0.0459784920390034,0.13816914929028287,0.0,3.1294193559771534e-14,149.7998225017912,0.0,37.19932998324958,0.39999999999999997,0.5995899658436449,0.6666666666666666,0.6666666666666666,0.0,25.171491861343384,1.2194580634435017,4,1.0,0.0,-1.8099429145550339,6.798605673128023,2,1.0,0.0,1.462224095633509,9.063396562618106
tail_1.0,mi2,,50,robit,near_probit,q0.99,6,0.8333333333333334,0.15214515486254612,1.0599176553156224,0.4584157301791723,1.1228846290043435,0.0,0.0,-0.5482360109155026,0.6179124401724511,0.6666666666666666,0.19245008972987526,-2.4426866574979926,1.0298604001015865,3.3570493480444576,10.517702292084646,10.537615256776125,2.722379255462513,42.85904362212253,0.049840544878714525,0.0459784920390034,0.13816914929028287,0.0,3.1294193559771534e-14,149.7998225017912,0.0,37.19932998324958,0.39999999999999997,0.5995899658436449,0.6666666666666666,0.6666666666666666,0.0,25.171491861343384,1.2194580634435017,4,0.75,0.21650635094610965,-3.9066532487903327,9.510410341199886,2,1.0,0.0,0.4852465250866871,12.532286193854166
tail_1.0,mi2,,50,robit,reference_uniform,q0.5,6,1.0,0.0,-0.3373596654730162,0.2917948272467677,0.7147484363381468,0.0,0.0,0.17122177361610666,0.2941840468849359,0.0,0.0,0.41341647582831104,0.3252800570411711,0.8366294042345379,4.121910413217336,3.7358674218147634,1.048136046308496,30.0,0.2533540837116521,0.14403030599117483,0.014952798566079473,0.0161702975121851,1.660573784821429e-14,149.7998225017912,0.0,37.19932998324958,0.39999999999999997,0.5995899658436449,0.6666666666666666,0.6666666666666666,0.0,25.148486852645874,1.2194580634435017,4,1.0,0.0,0.11464382839090526,3.560255432946658,2,1.0,0.0,1.0109617707031227,5.245220373758691
tail_1.0,mi2,,50,robit,reference_uniform,q0.95,6,1.0,0.0,0.11748237204293556,0.34858920071540445,0.8538656715973696,0.0,0.0,-0.0603341280204836,0.3174135606497929,0.16666666666666666,0.15214515486254615,0.005775017263443279,0.834890829038284,1.8668815797702756,9.589175549311623,9.466239139711217,2.4685348121990445,37.93456088085442,0.2533540837116521,0.14403030599117483,0.014952798566079473,0.0161702975121851,1.660573784821429e-14,149.7998225017912,0.0,37.19932998324958,0.39999999999999997,0.5995899658436449,0.6666666666666666,0.6666666666666666,0.0,25.148486852645874,1.2194580634435017,4,1.0,0.0,-1.1121808606108878,8.640211671442005,2,1.0,0.0,2.2416867730121055,11.487103305050859
tail_1.0,mi2,,50,robit,reference_uniform,q0.99,6,1.0,0.0,-0.1702759433685663,0.23778141675657996,0.5824431413696947,0.0,0.0,0.0899191448877142,0.22475312666640035,0.16666666666666666,0.15214515486254615,1.3614164815331453,1.321149204968375,3.2527881801821854,20.246198393535696,20.325736201070367,5.3398220339473985,42.85904362212253,0.2533540837116521,0.14403030599117483,0.014952798566079473,0.0161702975121851,1.660573784821429e-14,149.7998225017912,0.0,37.19932998324958,0.39999999999999997,0.5995899658436449,0.6666666666666666,0.6666666666666666,0.0,25.148486852645874,1.2194580634435017,4,1.0,0.0,-0.47961675077856825,18.336909759885756,2,1.0,0.0,5.043482946156573,24.06477566083559
tail_1.0,mi2,,100,probit,,q0.5,6,1.0,0.0,-0.9695603706479972,0.21713804234008946,0.5318774074800685,0.0,0.0,0.4930079894814374,0.4930079894814374,0.0,0.0,0.6178905917374315,0.15330846942280657,0.7066160324684484,2.4516683951273586,2.476584491856592,0.623345869659425,30.0,,,,,2.6842884361745507e-14,149.7998225017912,0.0,37.246231155778894,0.45,1.1087241325007078,1.3333333333333333,0.5,0.0,2.161309798558553,1.4209668238957722,3,1.0,0.0,0.5563037013163831,2.202022313244226,3,1.0,0.0,0.67947748215848,2.7013144770104915
tail_1.0,mi2,,100,probit,,q0.95,6,0.6666666666666666,0.19245008972987526,1.1035931399395713,0.571524611652087,1.3999436739899263,0.0,0.0,-0.563219215798738,0.6562666290609125,0.3333333333333333,0.19245008972987526,-1.0403412201986246,0.5253871438067543,1.5692253212434022,4.469759014766249,4.786927183860833,1.1408930611801729,37.93456088085442,,,,,2.6842884361745507e-14,149.7998225017912,0.0,37.246231155778894,0.45,1.1087241325007078,1.3333333333333333,0.5,0.0,2.161309798558553,1.4209668238957722,3,0.3333333333333333,0.2721655269759087,-1.7513330205919242,4.014159595869974,3,1.0,0.0,-0.3293494198053253,4.925358433662524
tail_1.0,mi2,,100,probit,,q0.99,6,0.6666666666666666,0.19245008972987526,2.4929154315331594,0.6915850594852727,1.6940305094712695,0.3333333333333333,0.19245008972987526,-1.2746233759700714,1.2746233759700714,0.8333333333333334,0.15214515486254612,-3.364421054349046,0.6957667700498132,3.7067217352365276,5.835495305455164,6.260033222962328,1.4921846013547004,42.85904362212253,,,,,2.6842884361745507e-14,149.7998225017912,0.0,37.246231155778894,0.45,1.1087241325007078,1.3333333333333333,0.5,0.0,2.161309798558553,1.4209668238957722,3,0.3333333333333333,0.2721655269759087,-4.344473701814785,5.235102453721605,3,1.0,0.0,-2.3843684068833064,6.435888157188724
tail_1.0,mi2,,100,robit,heavy_tail,q0.5,6,1.0,0.0,-0.8418110546790022,0.17434995394559405,0.4270684238444521,0.0,0.0,0.4305104564990358,0.4305104564990358,0.0,0.0,0.6433331516717313,0.13010491720204728,0.7060552325708243,2.9838803716914675,2.924483000966095,0.7626993005349592,30.0,0.37600367305481536,0.09635768352835877,0.0,0.047142969742208655,3.148086251076763e-14,149.7998225017912,0.0,37.246231155778894,0.45,1.1087241325007078,1.3333333333333333,0.5,0.0,30.981443166732788,1.4209668238957722,3,1.0,0.0,0.6496981302329866,2.697144348277218,3,1.0,0.0,0.636968173110476,3.270616395105717
tail_1.0,mi2,,100,robit,heavy_tail,q0.95,6,1.0,0.0,0.09620385171726538,0.3795346886516174,0.9296663268825437,0.0,0.0,-0.04910783989917653,0.3596744336632107,0.16666666666666666,0.15214515486254615,0.08872842328167252,0.5968344198204082,1.3375086379197212,6.692220232976472,7.070298216656873,1.703382554970619,37.93456088085442,0.37600367305481536,0.09635768352835877,0.0,0.047142969742208655,3.148086251076763e-14,149.7998225017912,0.0,37.246231155778894,0.45,1.1087241325007078,1.3333333333333333,0.5,0.0,30.981443166732788,1.4209668238957722,3,1.0,0.0,-0.6203097755695808,5.896420567073719,3,1.0,0.0,0.7977666221329258,7.488019898879226
tail_1.0,mi2,,100,robit,heavy_tail,q0.99,6,1.0,0.0,-0.6587471054887947,0.259033898800066,0.6345008781438974,0.0,0.0,0.3407506472500952,0.3845849445989356,0.0,0.0,3.0394490940974848,1.1713108131353431,4.0122432504085435,15.54632926684503,16.230991855907405,4.020191329153192,42.85904362212253,0.37600367305481536,0.09635768352835877,0.0,0.047142969742208655,3.148086251076763e-14,149.7998225017912,0.0,37.246231155778894,0.45,1.1087241325007078,1.3333333333333333,0.5,0.0,30.981443166732788,1.4209668238957722,3,1.0,0.0,1.5165748864458355,14.012918885084806,3,1.0,0.0,4.562323301749134,17.07973964860525
tail_1.0,mi2,,100,robit,near_probit,q0.5,6,1.0,0.0,-0.9538063008175631,0.20884165630415177,0.5115554949828696,0.0,0.0,0.48499723651255655,0.48499723651255655,0.0,0.0,0.6230446328593727,0.1497610030555779,0.7073375465192943,2.5184875770700876,2.5335489145539025,0.6403341424288093,30.0,0.05005462963809328,0.04608263603599175,0.13736913810526,0.0,3.386232615743929e-14,149.7998225017912,0.0,37.246231155778894,0.45,1.1087241325007078,1.3333333333333333,0.5,0.0,30.963170925776165,1.4209668238957722,3,1.0,0.0,0.567680580019978,2.263957038561202,3,1.0,0.0,0.6784086856987676,2.773018115578973
tail_1.0,mi2,,100,robit,near_probit,q0.95,6,0.8333333333333334,0.15214515486254612,0.966451937090253,0.544329478593143,1.333329474508419,0.0,0.0,-0.49267012469540167,0.5949898744049111,0.3333333333333333,0.19245008972987526,-0.9338573000086635,0.5313335568263943,1.511180399498487,4.696248473373552,5.024113273593002,1.1973416196483766,37.93456088085442,0.05005462963809328,0.04608263603599175,0.13736913810526,0.0,3.386232615743929e-14,149.7998225017912,0.0,37.246231155778894,0.45,1.1087241325007078,1.3333333333333333,0.5,0.0,30.963170925776165,1.4209668238957722,3,0.6666666666666666,0.2721655269759087,-1.642963437106026,4.204440956833264,3,1.0,0.0,-0.22475116291130112,5.188055989913839
tail_1.0,mi2,,100,robit,near_probit,q0.99,6,0.6666666666666666,0.19245008972987526,1.8889547230727655,0.6073995486319186,1.4878189641450166,0.16666666666666666,0.15214515486254615,-0.9653999212853336,0.9653999212853336,0.6666666666666666,0.19245008972987526,-2.859558367864141,0.7301563242194785,3.292827864952909,6.675859777541114,7.147327048952217,1.706371404120296,42.85904362212253,0.05005462963809328,0.04608263603599175,0.13736913810526,0.0,3.386232615743929e-14,149.7998225017912,0.0,37.246231155778894,0.45,1.1087241325007078,1.3333333333333333,0.5,0.0,30.963170925776165,1.4209668238957722,3,0.3333333333333333,0.2721655269759087,-3.8830747658314615,5.977635922692765,3,1.0,0.0,-1.8360419698968211,7.374083632389464
tail_1.0,mi2,,100,robit,reference_uniform,q0.5,6,1.0,0.0,-0.878690327109636,0.1819699045362342,0.44573341465673977,0.0,0.0,0.44747627777603755,0.44747627777603755,0.0,0.0,0.6372990056235549,0.13648104389611404,0.7066013015015163,2.8221536315859344,2.7806888195792645,0.7183617965461435,30.0,0.2534020965868505,0.14368703332091062,0.014842722871866642,0.01607925973729556,2.934227487938719e-14,149.7998225017912,0.0,37.246231155778894,0.45,1.1087241325007078,1.3333333333333333,0.5,0.0,30.805811166763306,1.4209668238957722,3,1.0,0.0,0.6177407447043848,2.5398622133104163,3,1.0,0.0,0.6568572665427249,3.1044450498614524
tail_1.0,mi2,,100,robit,reference_uniform,q0.95,6,1.0,0.0,0.3704718189991314,0.41975040950872,1.0281743226206481,0.0,0.0,-0.18903269257083097,0.3877067854327321,0.16666666666666666,0.15214515486254615,-0.33142066636833317,0.5684919562581193,1.3136800142146288,6.1120054452248205,6.498935500135996,1.5586750526618385,37.93456088085442,0.2534020965868505,0.14368703332091062,0.014842722871866642,0.01607925973729556,2.934227487938719e-14,149.7998225017912,0.0,37.246231155778894,0.45,1.1087241325007078,1.3333333333333333,0.5,0.0,30.805811166763306,1.4209668238957722,3,1.0,0.0,-1.0554096623855809,5.417753831841092,3,1.0,0.0,0.39256832964891447,6.806257058608549
tail_1.0,mi2,,100,robit,reference_uniform,q0.99,6,1.0,0.0,-0.03518658755049947,0.27396008980276965,0.6710624299038426,0.0,0.0,0.019010930222588318,0.29698224408595036,0.3333333333333333,0.19245008972987526,0.5312028545728241,0.9831695443564804,2.2617002978858545,14.672118672077161,15.455712390310033,3.8749157937348215,42.85904362212253,0.2534020965868505,0.14368703332091062,0.014842722871866642,0.01607925973729556,2.934227487938719e-14,149.7998225017912,0.0,37.246231155778894,0.45,1.1087241325007078,1.3333333333333333,0.5,0.0,30.805811166763306,1.4209668238957722,3,1.0,0.0,-0.8752436527169655,13.185623569989,3,1.0,0.0,1.9376493618626138,16.15861377416532
tail_1.0,mi2,,200,probit,,q0.5,6,0.8333333333333334,0.15214515486254612,-1.1069810133949587,0.39429858651022487,0.9658303432507014,0.0,0.0,0.5638263552973867,0.582714802360346,0.0,0.0,0.4495647939450163,0.15761727991739774,0.5712482285290883,1.616194249372463,1.64508963066503,0.4116124151680733,30.0,,,,,1.1267873077640708e-16,16.679647771410032,0.16666666666666666,37.246231155778894,0.4633333333333334,1.630605226075396,2.6666666666666665,0.16666666666666666,0.0,2.2071341276168823,1.61801012357076,1,0.0,0.0,0.9866208808202828,1.5144542684402502,5,1.0,0.0,0.34215357656996304,1.6365422455589056
tail_1.0,mi2,,200,probit,,q0.95,6,0.5,0.2041241452319315,2.402016176768451,0.3736916279727808,0.9153538096832738,0.0,0.0,-1.224604374009486,1.224604374009486,0.3333333333333333,0.19245008972987526,-1.702778332104181,0.22333068468721098,1.7744962727201736,2.827061077870147,2.842504771092976,0.7206327072373627,37.93456088085442,,,,,1.1267873077640708e-16,16.679647771410032,0.16666666666666666,37.246231155778894,0.4633333333333334,1.630605226075396,2.6666666666666665,0.16666666666666666,0.0,2.2071341276168823,1.61801012357076,1,1.0,0.0,-1.3927106477404152,2.8069797884540293,5,0.4,0.21908902300206645,-1.7647918689769342,2.8310773357533705
tail_1.0,mi2,,200,probit,,q0.99,6,0.0,0.0,4.5812919978916,0.4211316476042394,1.0315576511679643,0.6666666666666666,0.19245008972987526,-2.3378940472299288,2.3378940472299288,1.0,0.0,-4.231577913028548,0.27844422125442914,4.2771377761045954,3.660021809524063,3.6804042718665855,0.9338405209804689,42.85904362212253,,,,,1.1267873077640708e-16,16.679647771410032,0.16666666666666666,37.246231155778894,0.4633333333333334,1.630605226075396,2.6666666666666665,0.16666666666666666,0.0,2.2071341276168823,1.61801012357076,1,0.0,0.0,-4.015555855541791,3.6437667908628697,5,0.0,0.0,-4.274782324525899,3.6632728132563015
tail_1.0,mi2,,200,robit,heavy_tail,q0.5,6,0.8333333333333334,0.15214515486254612,-0.8395086054221145,0.37027837919338596,0.906993091808579,0.0,0.0,0.4284616290046739,0.47308369257874916,0.0,0.0,0.4211880862331429,0.1789714553472916,0.5809933847561222,2.038982592807168,2.088515385129597,0.5203402599948018,30.0,0.37682922227772697,0.09554129118331804,0.0,0.04774291946539603,7.467927837564752e-18,16.679647771410032,0.16666666666666666,37.246231155778894,0.4633333333333334,1.630605226075396,2.6666666666666665,0.16666666666666666,0.0,37.80227597554525,1.61801012357076,1,0.0,0.0,1.1008431078630494,1.8392657103926666,5,1.0,0.0,0.2852570819071616,2.0789259692900686
tail_1.0,mi2,,200,robit,heavy_tail,q0.95,6,1.0,0.0,0.7614955695009198,0.23580006728059968,0.5775898461514122,0.0,0.0,-0.38759666678722454,0.38759666678722454,0.0,0.0,-0.8233445226295059,0.24107012912530673,0.984108855120443,4.365380895092263,4.3177507880305015,1.111041529243103,37.93456088085442,0.37682922227772697,0.09554129118331804,0.0,0.04774291946539603,7.467927837564752e-18,16.679647771410032,0.16666666666666666,37.246231155778894,0.4633333333333334,1.630605226075396,2.6666666666666665,0.16666666666666666,0.0,37.80227597554525,1.61801012357076,1,1.0,0.0,-0.3132514324804987,4.104170505032229,5,1.0,0.0,-0.9253631406593072,4.41762297310427
tail_1.0,mi2,,200,robit,heavy_tail,q0.99,6,1.0,0.0,-0.46484683876482497,0.12827055757843459,0.31419741508945453,0.0,0.0,0.2412243962638971,0.24258956732725132,0.0,0.0,1.3970783904069606,0.4002700531431897,1.659189141164552,11.223059459082918,11.182158973316856,2.913647511715142,42.85904362212253,0.37682922227772697,0.09554129118331804,0.0,0.04774291946539603,7.467927837564752e-18,16.679647771410032,0.16666666666666666,37.246231155778894,0.4633333333333334,1.630605226075396,2.6666666666666665,0.16666666666666666,0.0,37.80227597554525,1.61801012357076,1,1.0,0.0,1.7034003503132737,11.089866425208925,5,1.0,0.0,1.335813998425698,11.249698065857716
tail_1.0,mi2,,200,robit,near_probit,q0.5,6,0.8333333333333334,0.15214515486254612,-1.0659228905200562,0.3893389463709424,0.9536817556016332,0.0,0.0,0.5429398289503081,0.5658013076372718,0.0,0.0,0.44530593973063287,0.15949168566868308,0.5705132504566147,1.666993115192246,1.6967317188785849,0.42457557352975717,30.0,0.051225530590250666,0.04673493164829473,0.13402202678363997,0.0,3.7169283761930506e-17,16.679647771410032,0.16666666666666666,37.246231155778894,0.4633333333333334,1.630605226075396,2.6666666666666665,0.16666666666666666,0.0,37.66564997037252,1.61801012357076,1,0.0,0.0,0.9999971721457186,1.5550321074628215,5,1.0,0.0,0.3343676932476157,1.689385316738131
tail_1.0,mi2,,200,robit,near_probit,q0.95,6,0.6666666666666666,0.19245008972987526,2.168635043566229,0.3502917611396415,0.8580360758930068,0.0,0.0,-1.1040931828762,1.1040931828762,0.3333333333333333,0.19245008972987526,-1.6238705589794205,0.2233986702405317,1.69896745750068,2.992632103090518,2.9965897651089364,0.7617544741235558,37.93456088085442,0.051225530590250666,0.04673493164829473,0.13402202678363997,0.0,3.7169283761930506e-17,16.679647771410032,0.16666666666666666,37.246231155778894,0.4633333333333334,1.630605226075396,2.6666666666666665,0.16666666666666666,0.0,37.66564997037252,1.61801012357076,1,1.0,0.0,-1.2861295740331542,2.9421588744408496,5,0.6,0.21908902300206645,-1.6914187559686737,3.0027267488204514
tail_1.0,mi2,,200,robit,near_probit,q0.99,6,0.0,0.0,3.4122749780831096,0.34965115500065463,0.8564669177263946,0.16666666666666666,0.15214515486254615,-1.7379300168049296,1.7379300168049296,1.0,0.0,-3.7820898874167654,0.28604075759229225,3.8357920292320364,4.407892739833226,4.417595693801239,1.1224102092420531,42.85904362212253,0.051225530590250666,0.04673493164829473,0.13402202678363997,0.0,3.7169283761930506e-17,16.679647771410032,0.16666666666666666,37.246231155778894,0.4633333333333334,1.630605226075396,2.6666666666666665,0.16666666666666666,0.0,37.66564997037252,1.61801012357076,1,0.0,0.0,-3.558439366286379,4.356576984493259,5,0.0,0.0,-3.826819991642843,4.41815589090122
tail_1.0,mi2,,200,robit,reference_uniform,q0.5,6,0.8333333333333334,0.15214515486254612,-0.9069076878446053,0.37548435575708305,0.9197450780025246,0.0,0.0,0.4611791769493971,0.5006983046506197,0.0,0.0,0.4263781716294777,0.1714177672490728,0.5733398642039317,1.912587517232737,1.9381766133112457,0.4864603519711273,30.0,0.25750796898276657,0.14171541253843145,0.014323430673679513,0.016958700070143443,1.6874219563782585e-17,16.679647771410032,0.16666666666666666,37.246231155778894,0.4633333333333334,1.630605226075396,2.6666666666666665,0.16666666666666666,0.0,36.79585460821787,1.61801012357076,1,0.0,0.0,1.061264801989708,1.7422109391797846,5,1.0,0.0,0.2994008455574317,1.9466628328433273
tail_1.0,mi2,,200,robit,reference_uniform,q0.95,6,1.0,0.0,1.1457922474537943,0.2523526712164333,0.6181352797085891,0.0,0.0,-0.5837357268967226,0.5837357268967226,0.16666666666666666,0.15214515486254615,-1.155916197501914,0.23086289267108323,1.2659504854889012,4.047702799646475,3.988990861325192,1.0306838248434398,37.93456088085442,0.25750796898276657,0.14171541253843145,0.014323430673679513,0.016958700070143443,1.6874219563782585e-17,16.679647771410032,0.16666666666666666,37.246231155778894,0.4633333333333334,1.630605226075396,2.6666666666666665,0.16666666666666666,0.0,36.79585460821787,1.61801012357076,1,1.0,0.0,-0.7127261552650452,3.9074333547651463,5,1.0,0.0,-1.244554205949288,4.075756688622741
tail_1.0,mi2,,200,robit,reference_uniform,q0.99,6,1.0,0.0,0.27031053408501915,0.13813972764829857,0.3383718459453691,0.0,0.0,-0.14530474781672462,0.16394231567632048,0.16666666666666666,0.15214515486254615,-0.7613595116187059,0.38511050823067655,1.149442831845379,11.135303280536917,11.00994305552609,2.993281833471316,42.85904362212253,0.25750796898276657,0.14171541253843145,0.014323430673679513,0.016958700070143443,1.6874219563782585e-17,16.679647771410032,0.16666666666666666,37.246231155778894,0.4633333333333334,1.630605226075396,2.6666666666666665,0.16666666666666666,0.0,36.79585460821787,1.61801012357076,1,1.0,0.0,-0.5572707484856707,11.078145253244557,5,1.0,0.0,-0.8021772642453129,11.146734885995388
tail_1.0,mi3,heavy_tail,50,probit,,q0.5,6,0.8333333333333334,0.15214515486254612,0.4785611849058243,0.3708874656731381,0.9084850428931996,0.0,0.0,-0.24147851752782076,0.3868971846514919,0.0,0.0,-0.2597778786466017,0.22016593276516963,0.5566414788586227,2.8581517521494053,2.7426752702922474,0.7206754840074656,30.0,,,,,3.2056113195111234e-15,2117.1767081535304,0.0,34.80737018425461,0.14333333333333334,0.05665059651424651,0.0,1.0,0.0,2.040764053662618,2.640827457110087,6,0.8333333333333334,0.15214515486254612,-0.2597778786466017,2.8581517521494053,0,,,,
tail_1.0,mi3,heavy_tail,50,probit,,q0.95,6,0.8333333333333334,0.15214515486254612,1.5214353096670379,0.5983009530034094,1.4655320474792515,0.16666666666666666,0.15214515486254615,-0.8119936164551848,0.8355853939012204,0.8333333333333334,0.15214515486254612,-2.464655453294275,0.7278527687918861,2.953535977204828,7.4748774627036925,7.410845160538969,2.0099580317310735,37.93456088085442,,,,,3.2056113195111234e-15,2117.1767081535304,0.0,34.80737018425461,0.14333333333333334,0.05665059651424651,0.0,1.0,0.0,2.040764053662618,2.640827457110087,6,0.8333333333333334,0.15214515486254612,-2.464655453294275,7.4748774627036925,0,,,,
tail_1.0,mi3,heavy_tail,50,probit,,q0.99,6,0.6666666666666666,0.19245008972987526,2.1550867277996617,0.6558509547152305,1.6065001863695114,0.16666666666666666,0.15214515486254615,-1.1574871320702218,1.1574871320702218,0.8333333333333334,0.15214515486254612,-5.015221058810365,0.9540850693328667,5.450122371686205,10.161680219345442,10.099111903528126,2.746416318434122,42.85904362212253,,,,,3.2056113195111234e-15,2117.1767081535304,0.0,34.80737018425461,0.14333333333333334,0.05665059651424651,0.0,1.0,0.0,2.040764053662618,2.640827457110087,6,0.6666666666666666,0.19245008972987526,-5.015221058810365,10.161680219345442,0,,,,
tail_1.0,mi3,heavy_tail,50,robit,heavy_tail,q0.5,6,0.8333333333333334,0.15214515486254612,0.46335714559394264,0.3609325617392319,0.8841006078167045,0.0,0.0,-0.23470547653823245,0.3634478812290465,0.0,0.0,-0.264930910830562,0.21742937026969308,0.5536840640589971,3.0462373448026114,2.903503207260094,0.7707898706722404,30.0,0.37610173698458366,0.0964538759559595,0.0,0.04726447475155302,9.941393378210355e-15,2117.1767081535304,0.0,34.80737018425461,0.14333333333333334,0.05665059651424651,0.0,1.0,0.0,24.974923968315125,2.640827457110087,6,0.8333333333333334,0.15214515486254612,-0.264930910830562,3.0462373448026114,0,,,,
tail_1.0,mi3,heavy_tail,50,robit,heavy_tail,q0.95,6,1.0,0.0,0.4994036568682613,0.42792342169393155,1.0481940321359657,0.0,0.0,-0.2654568111662036,0.3921418866108979,0.16666666666666666,0.15214515486254615,-0.8370009295966803,0.94548904901028,2.2738333855270763,10.956765452899816,10.802593024858972,2.9519906244344156,37.93456088085442,0.37610173698458366,0.0964538759559595,0.0,0.04726447475155302,9.941393378210355e-15,2117.1767081535304,0.0,34.80737018425461,0.14333333333333334,0.05665059651424651,0.0,1.0,0.0,24.974923968315125,2.640827457110087,6,1.0,0.0,-0.8370009295966803,10.956765452899816,0,,,,
tail_1.0,mi3,heavy_tail,50,robit,heavy_tail,q0.99,6,1.0,0.0,-0.18135910714392345,0.2840983529131961,0.6958960014024691,0.0,0.0,0.09920542134825076,0.2907858052601667,0.16666666666666666,0.15214515486254615,2.134495695843629,1.7792639176480296,4.514972017498674,24.191866986600058,23.794401105765306,6.542985145705199,42.85904362212253,0.37610173698458366,0.0964538759559595,0.0,0.04726447475155302,9.941393378210355e-15,2117.1767081535304,0.0,34.80737018425461,0.14333333333333334,0.05665059651424651,0.0,1.0,0.0,24.974923968315125,2.640827457110087,6,1.0,0.0,2.134495695843629,24.191866986600058,0,,,,
tail_1.0,mi3,near_probit,50,probit,,q0.5,6,1.0,0.0,-0.5077511041096487,0.35907660417230086,0.8795544587934662,0.0,0.0,0.2573314713641515,0.3377662736935712,0.0,0.0,0.35208041903272996,0.2917042471819632,0.7412269966658271,2.8655900492129587,2.8188982368028928,0.7258357797967744,30.0,,,,,3.700663348324626e-14,1517.422072856656,0.0,36.02680067001675,0.3066666666666667,0.3373964880780254,0.6666666666666666,0.6666666666666666,0.0,2.056223750114441,2.4444515705108643,4,1.0,0.0,0.0989264704097792,2.366559970828791,2,1.0,0.0,0.8583883162786314,3.863650205981294
tail_1.0,mi3,near_probit,50,probit,,q0.95,6,0.6666666666666666,0.19245008972987526,2.0530269333856115,0.7570973680929255,1.854502237431761,0.16666666666666666,0.15214515486254615,-1.0624836848513401,1.0624836848513401,0.6666666666666666,0.19245008972987526,-2.36367422443978,0.7636188274319601,2.9159088475677364,5.612008569130868,5.615439372584881,1.447475215815408,37.93456088085442,,,,,3.700663348324626e-14,1517.422072856656,0.0,36.02680067001675,0.3066666666666667,0.3373964880780254,0.6666666666666666,0.6666666666666666,0.0,2.056223750114441,2.4444515705108643,4,0.5,0.25,-3.517302245102318,4.763501233779454,2,1.0,0.0,-0.05641818311470459,7.309023239833696
tail_1.0,mi3,near_probit,50,probit,,q0.99,6,0.3333333333333333,0.19245008972987526,3.1866912367963938,0.9124995041929709,2.2351581758154175,0.3333333333333333,0.19245008972987526,-1.6552419588586342,1.6552419588586342,0.8333333333333334,0.15214515486254612,-5.125905948855016,1.035029145479324,5.624174468885681,7.3968857542732245,7.4099490006724515,1.9159296585949905,42.85904362212253,,,,,3.700663348324626e-14,1517.422072856656,0.0,36.02680067001675,0.3066666666666667,0.3373964880780254,0.6666666666666666,0.6666666666666666,0.0,2.056223750114441,2.4444515705108643,4,0.0,0.0,-6.652617561694353,6.296209264436753,2,1.0,0.0,-2.0724827231763427,9.598238733946168
tail_1.0,mi3,near_probit,50,robit,near_probit,q0.5,6,1.0,0.0,-0.497291614524922,0.34671648814164036,0.8492784813567533,0.0,0.0,0.2513431454102664,0.32710334392446444,0.0,0.0,0.35207823306938063,0.2866646456894145,0.7313290488162254,2.930266719767779,2.879714085983304,0.7411247161028517,30.0,0.04921988041868149,0.04552883888333814,0.14012529304036048,0.0,5.874398368927734e-14,1517.422072856656,0.0,36.02680067001675,0.3066666666666667,0.3373964880780254,0.6666666666666666,0.6666666666666666,0.0,25.304733713467915,2.4444515705108643,4,1.0,0.0,0.10161439691775076,2.4170071204673578,2,1.0,0.0,0.8530059053726404,3.956785918368622
tail_1.0,mi3,near_probit,50,robit,near_probit,q0.95,6,0.6666666666666666,0.19245008972987526,1.898780749349439,0.7271219708651978,1.7810778093865907,0.16666666666666666,0.15214515486254615,-0.9808812428281263,0.9921374030014748,0.6666666666666666,0.19245008972987526,-2.2610966546429503,0.7738995074777315,2.847307556272929,5.88799226233679,5.8889687150865555,1.5158885847748724,37.93456088085442,0.04921988041868149,0.04552883888333814,0.14012529304036048,0.0,5.874398368927734e-14,1517.422072856656,0.0,36.02680067001675,0.3066666666666667,0.3373964880780254,0.6666666666666666,0.6666666666666666,0.0,25.304733713467915,2.4444515705108643,4,0.5,0.25,-3.4261585920851836,4.991743126258871,2,1.0,0.0,0.06902722024151586,7.680490534492627
tail_1.0,mi3,near_probit,50,robit,near_probit,q0.99,6,0.5,0.2041241452319315,2.6689440613159774,0.8316796618120884,2.0371908008900927,0.3333333333333333,0.19245008972987526,-1.3860723147739356,1.3860723147739356,0.8333333333333334,0.15214515486254612,-4.68737938387978,1.09031320188002,5.283506400052005,8.238509226936245,8.259160174397557,2.1331149839218484,42.85904362212253,0.04921988041868149,0.04552883888333814,0.14012529304036048,0.0,5.874398368927734e-14,1517.422072856656,0.0,36.02680067001675,0.3066666666666667,0.3373964880780254,0.6666666666666666,0.6666666666666666,0.0,25.304733713467915,2.4444515705108643,4,0.25,0.21650635094610965,-6.283734073104547,6.999590317070954,2,1.0,0.0,-1.4946700054302475,10.716347046666826
tail_1.0,mi3,reference_uniform,50,probit,,q0.5,6,1.0,0.0,-0.07490734909237833,0.19479320058077465,0.4771439467865137,0.0,0.0,0.03764319600579826,0.20004596004328737,0.0,0.0,0.06560428221873178,0.14058633103975055,0.32113315652782826,3.037863826461594,2.903363976998337,0.7663830814215657,30.0,,,,,2.7911501385343867e-15,1721.816140465614,0.0,35.62814070351759,0.25666666666666665,0.1405008334595633,0.3333333333333333,0.8333333333333334,0.0,2.057544747988383,2.729195713996887,5,1.0,0.0,0.013178571507907577,2.8138577855135987,1,1.0,0.0,0.32773283577285284,4.157894031201572
tail_1.0,mi3,reference_uniform,50,probit,,q0.95,6,1.0,0.0,1.0919421583062185,0.34696042300885777,0.8498759973119097,0.0,0.0,-0.5815362057175092,0.6282617806381724,0.6666666666666666,0.19245008972987526,-1.8639834306548135,0.5881010559707937,2.2811726129176417,7.213424245761566,6.97739966118651,1.9093042204009631,37.93456088085442,,,,,2.7911501385343867e-15,1721.816140465614,0.0,35.62814070351759,0.25666666666666665,0.1405008334595633,0.3333333333333333,0.8333333333333334,0.0,2.057544747988383,2.729195713996887,5,1.0,0.0,-2.3693130401034197,6.765168590451745,1,1.0,0.0,0.6626646165882164,9.454702522310669
tail_1.0,mi3,reference_uniform,50,probit,,q0.99,6,0.6666666666666666,0.19245008972987526,1.7866825914775688,0.38834352358195556,0.9512434776902773,0.0,0.0,-0.9550745821766448,0.9550745821766448,0.8333333333333334,0.15214515486254612,-4.300491192964014,0.8030844334072392,4.660359163912818,9.741651445140368,9.447480887202715,2.5917562434250763,42.85904362212253,,,,,2.7911501385343867e-15,1721.816140465614,0.0,35.62814070351759,0.25666666666666665,0.1405008334595633,0.3333333333333333,0.8333333333333334,0.0,2.057544747988383,2.729195713996887,5,0.6,0.21908902300206645,-4.993467530617972,9.147812792030825,1,1.0,0.0,-0.8356095046942258,12.710844710688086
tail_1.0,mi3,reference_uniform,50,robit,reference_uniform,q0.5,6,1.0,0.0,-0.051942689127023704,0.17806391641776423,0.43616573682511456,0.0,0.0,0.026245709983309853,0.1773869363444833,0.0,0.0,0.04902438937868266,0.1382259544762373,0.3129464222647174,3.2344868844425374,3.155597972585209,0.8180188478922378,30.0,0.251620781287442,0.14422208707292472,0.015251368542295902,0.01585443203729101,3.8719994944418335e-15,1721.816140465614,0.0,35.62814070351759,0.25666666666666665,0.1405008334595633,0.3333333333333333,0.8333333333333334,0.0,24.79730212688446,2.729195713996887,5,1.0,0.0,-0.007860479282395971,2.995383949437771,1,1.0,0.0,0.3334487326840758,4.430001559466369
tail_1.0,mi3,reference_uniform,50,robit,reference_uniform,q0.95,6,1.0,0.0,0.4163424080779348,0.26161964588012654,0.6408346390939372,0.0,0.0,-0.2237605318538364,0.32876836356779443,0.3333333333333333,0.19245008972987526,-0.8535334622563179,0.6646414445729143,1.7138438144740928,9.680576265399202,9.424178856498354,2.5684174473793635,37.93456088085442,0.251620781287442,0.14422208707292472,0.015251368542295902,0.01585443203729101,3.8719994944418335e-15,1721.816140465614,0.0,35.62814070351759,0.25666666666666665,0.1405008334595633,0.3333333333333333,0.8333333333333334,0.0,24.79730212688446,2.729195713996887,5,1.0,0.0,-1.4204978082572908,9.100957551580793,1,1.0,0.0,1.9812882677485462,12.57866983449125
tail_1.0,mi3,reference_uniform,50,robit,reference_uniform,q0.99,6,1.0,0.0,0.04713540507768737,0.1945712852679764,0.47660036750404783,0.0,0.0,-0.027380404258936425,0.1954222719496178,0.3333333333333333,0.19245008972987526,0.10770210470414791,1.1874473348803771,2.6573963966503484,20.842688378015527,20.27993314931774,5.625787956237251,42.85904362212253,0.251620781287442,0.14422208707292472,0.015251368542295902,0.01585443203729101,3.8719994944418335e-15,1721.816140465614,0.0,35.62814070351759,0.25666666666666665,0.1405008334595633,0.3333333333333333,0.8333333333333334,0.0,24.79730212688446,2.729195713996887,5,1.0,0.0,-0.9102805149879558,19.534585333591426,1,1.0,0.0,5.197615203164666,27.383203600136028
