corr,efficiency,frac_negative,bias,est_max,ref_max,x_est,x_ref,edge_frac_est,edge_frac_ref,edge_est,edge_ref,ref_at_mu0,policy,replicate,step,posterior_sd_mu,posterior_sd_sigma
0.9947442434716471,1.0,0.4875,-0.007793452743768612,0.011861405111188245,0.017053163436604915,16.0,16.0,0.0,0.0,True,True,6.8299447331110485e-06,entropy_sigma,0,0,6.003467884697283,3.6946354581728715
0.9877930857122587,1.0,0.45,-0.004138850043989971,0.01214207482600485,0.014681512939927768,44.0,44.0,0.0,0.0,True,True,2.152397231647285e-05,entropy_sigma,0,5,5.281623650514084,2.5484182730067455
0.9986778852210975,0.9970035368170657,0.5125,-0.0034419214051481604,0.008734988794627287,0.0093339339088465,16.0,16.354430379746834,0.0,0.012658227848101207,True,True,2.427203376509368e-06,entropy_sigma,0,10,5.071681768967592,2.0708226476196563
0.989032442498288,0.9999998786278262,0.3375,-0.0003078752701875737,0.005967315304522006,0.005279292641101371,16.354430379746834,43.64556962025317,0.012658227848101207,0.01265822784810108,True,True,1.1208488257530291e-06,entropy_sigma,0,20,4.887110203440611,1.6925204751427987
0.9765028102919446,1.0,0.375,-0.000231826894462018,0.00415918118019307,0.003631147568486825,43.291139240506325,43.291139240506325,0.025316455696202667,0.025316455696202667,True,True,7.59446940334918e-07,entropy_sigma,0,30,4.770675857634078,1.5207696919585842
0.9947442434716471,1.0,0.4875,-0.007793452743768612,0.011861405111188245,0.017053163436604915,16.0,16.0,0.0,0.0,True,True,6.8299447331110485e-06,entropy_vector,0,0,6.003467884697283,3.6946354581728715
0.9544230274826538,0.9823963585598376,0.0,-0.006380878820417657,0.07266523076401521,0.08785655262774422,26.632911392405063,27.341772151898734,0.37974683544303794,0.4050632911392405,False,False,0.028217930786942014,entropy_vector,0,5,2.0331504281011887,3.14847516093363
0.9600480153350947,0.9739593638524414,0.0,-0.005662888237750765,0.049277637780313716,0.06877243012412543,28.405063291139243,28.759493670886076,0.4430379746835444,0.4556962025316456,False,False,0.05879441494408044,entropy_vector,0,10,1.0239862790888123,1.914895173681744
0.9405031591558775,0.996726670102583,0.0625,-0.004964448056232109,0.04420220130773703,0.05847284657231944,34.78481012658228,34.43037974683544,0.3291139240506329,0.3417721518987342,False,False,0.0359687873507637,entropy_vector,0,20,0.7873415026812183,1.6076626142261243
0.9153081876193973,0.9805398124750514,0.1,-0.006225213220252022,0.02795227240565573,0.03743638702298627,25.569620253164558,26.278481012658226,0.3417721518987342,0.3670886075949366,False,False,0.011244666306491902,entropy_vector,0,30,0.9265460294200586,1.9924854311949043
0.994898065673518,0.9999933014466252,0.3625,-0.004635476043818852,0.014752412362593281,0.017053163436604915,44.0,16.0,0.0,0.0,True,True,6.8299447331110485e-06,entropy_sigma,1,0,6.003624682898448,3.6923055452311164
0.9866754433705339,1.0,0.4125,-0.0037034013054289424,0.013719235796974552,0.016301913329562392,16.0,16.0,0.0,0.0,True,True,0.0004671136836886802,entropy_sigma,1,5,5.356831085934857,2.549144524668442
0.9972515533741761,0.9970035368170657,0.4,-0.0016765599865173103,0.009389293852659707,0.0093339339088465,16.0,16.354430379746834,0.0,0.012658227848101207,True,True,2.427203376509368e-06,entropy_sigma,1,10,5.086295706793319,2.0552089915269485
0.9918423086958932,1.0,0.4625,-0.0012516312965111895,0.005794066040135715,0.005279383119236286,16.354430379746834,16.354430379746834,0.012658227848101207,0.012658227848101207,True,True,9.433632068844844e-07,entropy_sigma,1,20,4.901417013358166,1.6841772447656875
0.9380121986077743,0.9046406586478012,0.4625,-0.000928383552107694,0.0038939340986899433,0.0038028247510329717,16.70886075949367,43.291139240506325,0.025316455696202538,0.025316455696202667,True,True,1.2408889881632135e-05,entropy_sigma,1,30,4.782367748258503,1.515442088866922
0.994898065673518,0.9999933014466252,0.3625,-0.004635476043818852,0.014752412362593281,0.017053163436604915,44.0,16.0,0.0,0.0,True,True,6.8299447331110485e-06,entropy_vector,1,0,6.003624682898448,3.6923055452311164
0.9967045025017681,1.0,0.025,-0.008211681462510584,0.053068217335491386,0.06423022635598397,36.55696202531645,36.55696202531645,0.2658227848101267,0.2658227848101267,False,False,0.0035348209871731706,entropy_vector,1,5,2.568486132132997,3.9620754635249122
0.9929312162712151,0.9947802722317078,0.1375,-0.009414143534940616,0.03922929850639356,0.0489278014585926,20.60759493670886,21.31645569620253,0.16455696202531644,0.18987341772151897,False,False,0.001414425756809612,entropy_vector,1,10,2.5739646041011617,4.509770861096556
0.9777887793446031,0.9808447439882432,0.175,-0.006356822133415093,0.02249858303180377,0.02938157292910315,41.51898734177215,40.45569620253164,0.08860759493670882,0.12658227848101283,False,False,0.004183757601268212,entropy_vector,1,20,1.8672933085072614,2.4364859592635675
0.9322240104925149,0.9727905065468104,0.125,-0.003217395505424032,0.013846573343991558,0.018936205451504484,39.392405063291136,38.32911392405063,0.16455696202531658,0.2025316455696203,False,False,0.004620128762859443,entropy_vector,1,30,1.2935563853709195,1.277799454007455
0.992420626107421,1.0,0.3625,-0.004806429744513141,0.013864561642444678,0.017053163436604915,16.0,16.0,0.0,0.0,True,True,6.8299447331110485e-06,entropy_sigma,2,0,5.99284907221874,3.640224642394688
0.9316408019910919,0.9895957716973204,0.425,-0.004563818803372182,0.010897477877401224,0.014665075039363679,44.0,42.936708860759495,0.0,0.03797468354430374,True,True,0.0009399991125834672,entropy_sigma,2,5,5.552158404103412,2.586579744691008
0.9988683807611438,0.9970035368170657,0.525,-0.003440190808837198,0.008731689772001276,0.0093339339088465,16.0,16.354430379746834,0.0,0.012658227848101207,True,True,2.427203376509368e-06,entropy_sigma,2,10,5.076905411764375,2.06057429798114
0.9934271550691074,1.0,0.525,-0.00191104891046841,0.005523868920435368,0.005279383119236286,16.354430379746834,16.354430379746834,0.012658227848101207,0.012658227848101207,True,True,9.433632068844844e-07,entropy_sigma,2,20,4.89857616732652,1.684082094377461
0.9750324351241143,0.9966590901553228,0.3,7.838055255259772e-05,0.004295661185078809,0.0037930731682923186,43.64556962025317,43.291139240506325,0.01265822784810108,0.025316455696202667,True,True,1.3851854570923194e-05,entropy_sigma,2,30,4.785212809921502,1.5127142566665623
0.992420626107421,1.0,0.3625,-0.004806429744513141,0.013864561642444678,0.017053163436604915,16.0,16.0,0.0,0.0,True,True,6.8299447331110485e-06,entropy_vector,2,0,5.99284907221874,3.640224642394688
0.9746921168920809,0.9924582686786485,0.0,-0.005541979659334215,0.0764994396741025,0.09028142159137686,26.9873417721519,27.341772151898734,0.3924050632911393,0.4050632911392405,False,False,0.0303700612555029,entropy_vector,2,5,1.9802281752983166,3.1853382404437682
0.9772106935111637,1.0,0.0,-0.0019160579598276606,0.0517491780141498,0.059678676931438024,33.0126582278481,33.0126582278481,0.3924050632911393,0.3924050632911393,False,False,0.0035903673409405368,entropy_vector,2,10,1.3277277359235662,2.3269028544856662
0.9478525798214104,0.9925681028054582,0.05,-0.0018048518984009158,0.023836215910750996,0.03164742224833045,33.0126582278481,32.65822784810126,0.3924050632911393,0.4050632911392406,False,False,0.001020492013096952,entropy_vector,2,20,0.6882025710833092,0.8868154358461202
0.8503574161535318,0.9846753015260555,0.1,-0.0033923665183812485,0.018193841418427587,0.02621436140937561,24.860759493670884,25.21518987341772,0.31645569620253156,0.3291139240506329,False,False,0.003949901201296346,entropy_vector,2,30,0.7002963096280954,1.0112630192385386
0.9946996954494406,0.9999933014466252,0.4375,-0.006172124625335814,0.012918993131708106,0.017053163436604915,44.0,16.0,0.0,0.0,True,True,6.8299447331110485e-06,entropy_sigma,3,0,6.0038351050806495,3.689036147583811
0.9783351602867888,1.0,0.3875,-0.0029057998772203534,0.014847112377910462,0.016301913329562392,16.0,16.0,0.0,0.0,True,True,0.0004671136836886802,entropy_sigma,3,5,5.345606669540393,2.570913299358517
0.9992602714963053,0.9970027591063524,0.45,-0.0022912454953235013,0.009259737974082943,0.0093339339088465,44.0,16.354430379746834,0.0,0.012658227848101207,True,True,2.427203376509368e-06,entropy_sigma,3,10,5.078881952430671,2.0686207446226135
0.9929277752233969,1.0,0.45,-0.0010560372276358502,0.005762222557725346,0.005292437013280877,43.64556962025317,43.64556962025317,0.01265822784810108,0.01265822784810108,True,True,1.417513585177943e-06,entropy_sigma,3,20,4.893101002787585,1.686384174091534
0.9739516213464993,1.0,0.375,-0.00019095150214577176,0.004256827176899593,0.0036786716269706955,43.291139240506325,43.291139240506325,0.025316455696202667,0.025316455696202667,True,True,1.5089737408491288e-06,entropy_sigma,3,30,4.767643325266119,1.5116029483862632
0.9946996954494406,0.9999933014466252,0.4375,-0.006172124625335814,0.012918993131708106,0.017053163436604915,44.0,16.0,0.0,0.0,True,True,6.8299447331110485e-06,entropy_vector,3,0,6.0038351050806495,3.689036147583811
0.9873312092949492,0.995236535131369,0.125,-0.010098461416440434,0.04247995363227863,0.05447988043699409,17.772151898734176,18.481012658227847,0.06329113924050629,0.08860759493670882,False,False,0.009773407934241085,entropy_vector,3,5,3.3465327466644497,4.857153311060079
0.972026436786188,0.989277777561428,0.1,-0.007204787836503704,0.0379195591148585,0.047538519041285116,35.139240506329116,34.43037974683544,0.31645569620253156,0.3417721518987342,False,False,0.015981845660349325,entropy_vector,3,10,2.113374799263623,2.945058853224681
0.9036060267055104,0.9728656725372932,0.125,-0.005163907813891217,0.019755417445825818,0.02766962800290254,22.379746835443036,23.08860759493671,0.22784810126582272,0.2531645569620254,False,False,0.0016566977201395439,entropy_vector,3,20,1.3447628275330448,1.5578873573440133
0.9412366958114455,0.9728236770174215,0.075,-0.0019036460938363572,0.015457308860543889,0.02023925333243526,34.07594936708861,33.36708860759494,0.3544303797468353,0.37974683544303794,False,False,0.004413292817572079,entropy_vector,3,30,0.9625311249024558,0.9979442114102037
0.9961049940336291,1.0,0.4125,-0.006079563371399521,0.012482109819286324,0.017053163436604915,16.0,16.0,0.0,0.0,True,True,6.8299447331110485e-06,entropy_sigma,4,0,6.012015569716891,3.60950231975911
0.9960424832806694,1.0,0.45,-0.004012286287351768,0.012754292819784893,0.014681512939927768,44.0,44.0,0.0,0.0,True,True,2.152397231647285e-05,entropy_sigma,4,5,5.271257580947496,2.516321676700035
0.9991743316300303,0.9970035368170657,0.4875,-0.0029318112426012432,0.009086422995148197,0.0093339339088465,16.0,16.354430379746834,0.0,0.012658227848101207,True,True,2.427203376509368e-06,entropy_sigma,4,10,5.062788942603749,2.053142802387538
0.9938479470926459,0.9999998786278262,0.45,-0.0012271627348994735,0.005659832724415614,0.005279292641101371,16.354430379746834,43.64556962025317,0.012658227848101207,0.01265822784810108,True,True,1.1208488257530291e-06,entropy_sigma,4,20,4.879475162568737,1.6792946919791794
0.9872543261670768,1.0,0.4125,-0.0005112737176374621,0.0040570563104091704,0.0036311471795825064,16.70886075949367,16.70886075949367,0.025316455696202538,0.025316455696202538,True,True,6.547896560515909e-07,entropy_sigma,4,30,4.764821507275999,1.5092304345469523
0.9961049940336291,1.0,0.4125,-0.006079563371399521,0.012482109819286324,0.017053163436604915,16.0,16.0,0.0,0.0,True,True,6.8299447331110485e-06,entropy_vector,4,0,6.012015569716891,3.60950231975911
0.9869002344196481,0.9980129884367187,0.075,-0.010808007379222467,0.06243586499233028,0.07676816710042367,35.139240506329116,34.78481012658228,0.31645569620253156,0.3291139240506329,False,False,0.02059838320974805,entropy_vector,4,5,2.8128807503280076,4.727867338603819
0.9838078072893844,0.9928592818839143,0.1,-0.009417002425091327,0.0408215995777349,0.0521967803249232,37.265822784810126,36.55696202531645,0.24050632911392406,0.2658227848101267,False,False,0.0001357375188428822,entropy_vector,4,10,2.1344685946804076,3.7404777304411296
0.9749023390489109,0.9624362360523521,0.15,-0.007292909488946632,0.02555251891047508,0.033970278893538985,20.962025316455694,37.620253164556964,0.17721518987341764,0.22784810126582272,False,False,5.1078801307280486e-05,entropy_vector,4,20,1.6477761312667616,2.626248941827211
0.9315263973640509,0.9781246028742775,0.15,-0.004653983210752442,0.015673973437371674,0.022139662164535,21.31645569620253,22.379746835443036,0.18987341772151897,0.22784810126582272,False,False,0.0006795275635520515,entropy_vector,4,30,1.2288035755555615,1.526397657282568
0.9969160956220159,0.9999933014466252,0.5125,-0.008476438448171314,0.01085691522746185,0.017053163436604915,44.0,16.0,0.0,0.0,True,True,6.8299447331110485e-06,entropy_sigma,5,0,5.991683342096777,3.6960441952669445
0.991266987376431,1.0,0.3625,-0.002879910657899338,0.014917121316100124,0.016301913329562392,16.0,16.0,0.0,0.0,True,True,0.0004671136836886802,entropy_sigma,5,5,5.316217329901524,2.565354732207037
0.998582465819902,0.9970035368170657,0.4375,-0.0022282351563399742,0.009450212227524235,0.0093339339088465,16.0,16.354430379746834,0.0,0.012658227848101207,True,True,2.427203376509368e-06,entropy_sigma,5,10,5.042319755172432,2.061578054737405
0.9952797452545188,1.0,0.4125,-0.0007572410090805552,0.005957031891798997,0.00540540907527785,43.291139240506325,43.291139240506325,0.025316455696202667,0.025316455696202667,True,True,3.6580455867740724e-06,entropy_sigma,5,20,4.8367154857769075,1.6796918127928087
0.9726482696623814,1.0,0.225,0.00044203848972797113,0.004454386359752413,0.003685198570264815,42.936708860759495,42.936708860759495,0.03797468354430374,0.03797468354430374,True,True,3.1257327535172408e-06,entropy_sigma,5,30,4.708899652554201,1.506061784291779
0.9969160956220159,0.9999933014466252,0.5125,-0.008476438448171314,0.01085691522746185,0.017053163436604915,44.0,16.0,0.0,0.0,True,True,6.8299447331110485e-06,entropy_vector,5,0,5.991683342096777,3.6960441952669445
0.9491840581937404,0.9876996120837463,0.0,-0.007610389891916605,0.05901588065172644,0.0734148074267153,29.822784810126585,30.531645569620252,0.49367088607594944,0.4810126582278481,False,False,0.07251177681656965,entropy_vector,5,5,1.971645748057293,3.0568275231651327
0.9471616704945963,0.9913037243007128,0.0375,-0.005253838510009188,0.04920117809004537,0.0609468428953141,29.11392405063291,29.468354430379748,0.4683544303797468,0.4810126582278481,False,False,0.06038762365930589,entropy_vector,5,10,1.3065814036505408,2.1896937627943647
0.9230968459167782,0.9799730167371842,0.1,-0.005055556548461253,0.024876558251918368,0.033542838533454106,25.924050632911392,26.632911392405063,0.35443037974683544,0.37974683544303794,False,False,0.010631158162114795,entropy_vector,5,20,1.1327432909006316,1.625754331284814
0.9506789020712562,0.9849998426263522,0.05,-0.0015814251779489898,0.01840089597921543,0.02331837803186143,26.632911392405063,26.9873417721519,0.37974683544303794,0.3924050632911393,False,False,0.005993860727480982,entropy_vector,5,30,0.7785691896194383,0.9253132525926365
0.9952928965955632,0.9999933014466252,0.35,-0.004285491018081689,0.014630429946933088,0.017053163436604915,44.0,16.0,0.0,0.0,True,True,6.8299447331110485e-06,entropy_sigma,6,0,5.990774679705557,3.846969621096617
0.980462338116929,1.0,0.3875,-0.003405468218199056,0.014751659525404304,0.016301913329562392,16.0,16.0,0.0,0.0,True,True,0.0004671136836886802,entropy_sigma,6,5,5.345959746151979,2.5985278674885444
0.9989001048428319,0.9970027591063524,0.4625,-0.0027184189466493503,0.009076067866753745,0.0093339339088465,44.0,16.354430379746834,0.0,0.012658227848101207,True,True,2.427203376509368e-06,entropy_sigma,6,10,5.081692989813963,2.068753202184159
0.9888081518745488,1.0,0.4625,-0.0013778618900935162,0.0057457588004632965,0.005292540638717237,43.64556962025317,43.64556962025317,0.01265822784810108,0.01265822784810108,True,True,1.8249501577694005e-06,entropy_sigma,6,20,4.8979609355152585,1.687082255083754
0.9782712452519967,0.9900692069759686,0.4625,-0.0010082538096794955,0.004035019372826118,0.0036047227678261927,43.64556962025317,43.291139240506325,0.01265822784810108,0.025316455696202667,True,True,9.805566463239046e-07,entropy_sigma,6,30,4.787064778493051,1.5165318372413552
0.9952928965955632,0.9999933014466252,0.35,-0.004285491018081689,0.014630429946933088,0.017053163436604915,44.0,16.0,0.0,0.0,True,True,6.8299447331110485e-06,entropy_vector,6,0,5.990774679705557,3.846969621096617
0.9941358447145018,1.0,0.0,-0.005904239218497281,0.06626463593294996,0.07813713634138258,23.79746835443038,23.79746835443038,0.27848101265822783,0.27848101265822783,False,False,0.07637319634642165,entropy_vector,6,5,1.8981974950286553,3.2904289746017477
0.9958775640946397,0.9975287387217591,0.1625,-0.01172248287494541,0.04344722008243074,0.056439704737543006,40.810126582278485,40.10126582278481,0.11392405063291124,0.13924050632911392,False,False,0.00010631546361250521,entropy_vector,6,10,2.8186174918915863,5.400465956803421
0.9817829728432934,0.983170616980386,0.1875,-0.008230594133248169,0.023481567996898545,0.031928964155935935,21.31645569620253,22.379746835443036,0.18987341772151897,0.22784810126582272,False,False,0.002651419785655418,entropy_vector,6,20,1.844978413932216,2.6797640138411953
0.966558236232139,0.987019843504115,0.15,-0.0038534627923362368,0.016252654654770382,0.021143919392397653,39.037974683544306,38.32911392405063,0.17721518987341764,0.2025316455696203,False,False,0.00032635153480686796,entropy_vector,6,30,1.409156955035181,1.670720659711771
0.9931037289119975,1.0,0.375,-0.005204864273682733,0.01306520835891245,0.017053163436604915,16.0,16.0,0.0,0.0,True,True,6.8299447331110485e-06,entropy_sigma,7,0,6.00654473904992,3.7072419061738975
0.9896790619322947,1.0,0.5,-0.005140150804025044,0.012002039706434556,0.014681512939927768,44.0,44.0,0.0,0.0,True,True,2.152397231647285e-05,entropy_sigma,7,5,5.278210833065592,2.5364670098690945
0.9935629040169771,0.9970035368170657,0.5125,-0.003265600685852573,0.009048542116654429,0.0093339339088465,16.0,16.354430379746834,0.0,0.012658227848101207,True,True,2.427203376509368e-06,entropy_sigma,7,10,5.0634951923372515,2.0608558418751546
0.9906899261774234,1.0,0.4375,-0.0011562072278446568,0.005638851388660646,0.005292545449187339,16.354430379746834,16.354430379746834,0.012658227848101207,0.012658227848101207,True,True,8.781430048676597e-07,entropy_sigma,7,20,4.87103773297518,1.6883357155514074
0.9712201252017925,0.9777510538848989,0.325,-1.621677333448813e-05,0.004283020011829949,0.003678374249059344,43.291139240506325,16.70886075949367,0.025316455696202667,0.025316455696202538,True,True,1.6473716029086205e-06,entropy_sigma,7,30,4.7399054549399215,1.5157500506593584
0.9931037289119975,1.0,0.375,-0.005204864273682733,0.01306520835891245,0.017053163436604915,16.0,16.0,0.0,0.0,True,True,6.8299447331110485e-06,entropy_vector,7,0,6.00654473904992,3.7072419061738975
0.9922749041447156,1.0,0.0125,-0.008106985034915151,0.058648907277000006,0.07129605057579069,23.443037974683545,23.443037974683545,0.2658227848101266,0.2658227848101266,False,False,0.03247953388106373,entropy_vector,7,5,2.276312949153862,3.7895452965399787
0.9800139401779266,0.998769733223388,0.0,-0.005626854293874706,0.04743950242655465,0.06146069003719601,30.88607594936709,31.240506329113924,0.4683544303797468,0.4556962025316456,False,False,0.04790372350998928,entropy_vector,7,10,1.1099803996532542,1.9538344042511673
0.9459408157912647,0.9925902076678103,0.0625,-0.004784487947803104,0.03734308641049397,0.047286904965827714,34.07594936708861,33.72151898734177,0.3544303797468353,0.3670886075949369,False,False,0.00108562929900069,entropy_vector,7,20,1.0053534023761235,1.9095808499808489
0.9094456620002056,0.9746565861197022,0.0875,-0.0024072340911749576,0.018134348811796652,0.024138005547776314,33.72151898734177,33.0126582278481,0.3670886075949369,0.3924050632911393,False,False,0.0021611895194628694,entropy_vector,7,30,0.7395891480114408,0.9962365909015729
0.994115062169605,1.0,0.3125,-0.003975281851683661,0.014537539559224127,0.017053163436604915,16.0,16.0,0.0,0.0,True,True,6.8299447331110485e-06,entropy_sigma,8,0,5.987841322488564,3.8557094856198004
0.9546436078014269,0.9895957716973204,0.2625,-0.002062585600636182,0.012875058523109315,0.014665075039363679,44.0,42.936708860759495,0.0,0.03797468354430374,True,True,0.0009399991125834672,entropy_sigma,8,5,5.555332108120515,2.6550038720696185
0.9983991542330927,0.9970027591063524,0.5,-0.0031574458253817326,0.00905481689495323,0.0093339339088465,44.0,16.354430379746834,0.0,0.012658227848101207,True,True,2.427203376509368e-06,entropy_sigma,8,10,5.055385930358503,2.072165228874761
0.9952637113564667,0.9848644883936655,0.5,-0.001609852557452945,0.005606192951145637,0.005373211490925123,43.64556962025317,16.70886075949367,0.01265822784810108,0.025316455696202538,True,True,1.154176898943149e-06,entropy_sigma,8,20,4.854452229188189,1.6853409839420426
0.9751543628648469,1.0,0.1375,0.0006590128423208008,0.004494391728686056,0.0037414773182116758,17.063291139240505,17.063291139240505,0.03797468354430374,0.03797468354430374,True,True,4.012712948253672e-06,entropy_sigma,8,30,4.731246603588115,1.5109518537423678
0.994115062169605,1.0,0.3125,-0.003975281851683661,0.014537539559224127,0.017053163436604915,16.0,16.0,0.0,0.0,True,True,6.8299447331110485e-06,entropy_vector,8,0,5.987841322488564,3.8557094856198004
0.987062105634575,0.9952735617830184,0.0,-0.007870351126662171,0.07347390757994915,0.08826501544939414,26.632911392405063,26.9873417721519,0.37974683544303794,0.3924050632911393,False,False,0.01720865677071104,entropy_vector,8,5,2.0635151763572557,3.392701926162751
0.9818988432628537,0.991456145068659,0.0,-0.004527314039695904,0.06934301074866478,0.08072168004242564,26.278481012658226,26.632911392405063,0.3670886075949366,0.37974683544303794,False,False,0.0015461095901668775,entropy_vector,8,10,1.357841958609207,2.7308749712726703
0.8990193415405728,0.9811623546665508,0.075,-0.005604944121152634,0.028449652761048216,0.039276423615282136,25.21518987341772,33.72151898734177,0.3291139240506329,0.3670886075949369,False,False,0.0004113386708632927,entropy_vector,8,20,0.9516390082777829,1.6654014918384663
0.8979951941260896,0.9833580822215273,0.0875,-0.002444573572056439,0.017685500157489653,0.02489944002150335,33.72151898734177,33.36708860759494,0.3670886075949369,0.37974683544303794,False,False,8.746683742544281e-05,entropy_vector,8,30,0.6470663305438761,0.8302246791807449
0.9968704386112268,0.9999933014466252,0.3875,-0.005157390189566067,0.013418258001165528,0.017053163436604915,44.0,16.0,0.0,0.0,True,True,6.8299447331110485e-06,entropy_sigma,9,0,6.007643756767701,3.7065429052441066
0.9446201355977071,0.9895976129141236,0.425,-0.004336150461320144,0.011289953016395363,0.014665136669278794,16.0,17.063291139240505,0.0,0.03797468354430374,True,True,0.0011926207899588537,entropy_sigma,9,5,5.575956815994796,2.617421823192642
0.9990025246657402,0.9970027591063524,0.55,-0.004044275359195397,0.008622763034513113,0.0093339339088465,44.0,16.354430379746834,0.0,0.012658227848101207,True,True,2.427203376509368e-06,entropy_sigma,9,10,5.0825544814264845,2.061743005847824
0.9924275693591394,0.9898221826394654,0.475,-0.0014740169513160289,0.005504521422909827,0.005333973541868264,43.64556962025317,16.70886075949367,0.01265822784810108,0.025316455696202538,True,True,9.962694507148484e-07,entropy_sigma,9,20,4.885583275281001,1.6799474866640782
0.9771741275251064,0.9955114023298627,0.4125,-0.0005790874297709637,0.004108777669639827,0.003670627629104674,43.291139240506325,16.70886075949367,0.025316455696202667,0.025316455696202538,True,True,6.635672307186979e-07,entropy_sigma,9,30,4.75810871837202,1.5083304806713307
0.9968704386112268,0.9999933014466252,0.3875,-0.005157390189566067,0.013418258001165528,0.017053163436604915,44.0,16.0,0.0,0.0,True,True,6.8299447331110485e-06,entropy_vector,9,0,6.007643756767701,3.7065429052441066
0.9817265516707491,0.9930056586192832,0.075,-0.012267052301255722,0.06281474196722575,0.07841048849370813,35.139240506329116,34.43037974683544,0.31645569620253156,0.3417721518987342,False,False,0.020562262118390073,entropy_vector,9,5,2.7361549180899383,4.521495278619857
0.9273353247350803,0.9755621615274593,0.05,-0.007030191291585244,0.0424143431625669,0.05553008178857294,33.36708860759494,32.65822784810126,0.37974683544303794,0.4050632911392406,False,False,0.018445730404926808,entropy_vector,9,10,1.45842851657334,2.3403478729647444
0.9497801370297954,0.9811145836448611,0.125,-0.007830703475253296,0.029133284612847393,0.039626582180912806,36.20253164556962,35.49367088607595,0.27848101265822783,0.3037974683544305,False,False,0.0008740721908474525,entropy_vector,9,20,1.3186246830429373,2.397454567941735
0.9067873731409659,0.9725128314187936,0.0875,-0.0021887013430903933,0.015553832549085989,0.02087141979137183,24.50632911392405,33.72151898734177,0.30379746835443033,0.3670886075949369,False,False,0.0006515831236495462,entropy_vector,9,30,0.8309423220377242,0.9432051090676401
0.9954063278282508,0.9999933014466252,0.4125,-0.005703337965647051,0.013515003257024816,0.017053163436604915,44.0,16.0,0.0,0.0,True,True,6.8299447331110485e-06,entropy_sigma,10,0,6.009597705749918,3.7225514950539433
0.9871298119900197,1.0,0.325,-0.002281714759698737,0.015072759846495892,0.016301913329562392,16.0,16.0,0.0,0.0,True,True,0.0004671136836886802,entropy_sigma,10,5,5.3524236123722355,2.5604452502328154
0.9982003225628951,0.9970027591063524,0.475,-0.002789790550224929,0.00943798731038261,0.0093339339088465,44.0,16.354430379746834,0.0,0.012658227848101207,True,True,2.427203376509368e-06,entropy_sigma,10,10,5.079204644503947,2.0679111067641096
0.9921168153404457,0.995939436567195,0.4625,-0.0013637802162712197,0.005718544963398166,0.0053005232488543275,43.64556962025317,16.354430379746834,0.01265822784810108,0.012658227848101207,True,True,8.804063960088371e-07,entropy_sigma,10,20,4.88492558635944,1.6922941372406635
0.9800989627673903,0.9982535172301943,0.3875,-0.0004843747981373021,0.004037943336036361,0.003607223068293662,43.291139240506325,16.70886075949367,0.025316455696202667,0.025316455696202538,True,True,6.893100379379291e-07,entropy_sigma,10,30,4.778146460851223,1.5241623200751973
0.9954063278282508,0.9999933014466252,0.4125,-0.005703337965647051,0.013515003257024816,0.017053163436604915,44.0,16.0,0.0,0.0,True,True,6.8299447331110485e-06,entropy_vector,10,0,6.009597705749918,3.7225514950539433
0.9755991247918391,0.9961217311241312,0.0125,-0.007372285054238509,0.06008300848933773,0.07257347699596928,36.55696202531645,36.20253164556962,0.2658227848101267,0.27848101265822783,False,False,0.04924075061973565,entropy_vector,10,5,2.2052371347458894,3.6733006918063893
0.9635122508965097,0.9888506615934103,0.05,-0.006164450143351312,0.050766926790218464,0.06234771672588835,27.341772151898734,27.696202531645568,0.4050632911392405,0.4177215189873417,False,False,0.036031290164306284,entropy_vector,10,10,1.3594257187529197,2.546522682717321
0.9297410040751886,0.9948773436553007,0.0625,-0.0034733003871626304,0.030042266233275827,0.037742257922133704,26.9873417721519,27.341772151898734,0.3924050632911393,0.4050632911392405,False,False,0.014569250484527285,entropy_vector,10,20,0.9328018786893407,1.548649843139213
0.9036480389388123,0.9823582029467484,0.125,-0.004348169621264287,0.019192458289321535,0.026087751480294102,24.151898734177216,24.860759493670884,0.29113924050632917,0.31645569620253156,False,False,0.0007273352962151591,entropy_vector,10,30,0.9983565460987429,1.442662696464109
0.9955256162060636,1.0,0.4375,-0.006155024689789535,0.012868008442031842,0.017053163436604915,16.0,16.0,0.0,0.0,True,True,6.8299447331110485e-06,entropy_sigma,11,0,5.98779633265071,3.6801590903350685
0.9686401946895251,1.0,0.525,-0.005768906498676343,0.012196809095927283,0.016301923456410947,44.0,44.0,0.0,0.0,True,True,0.00031691842532266534,entropy_sigma,11,5,5.332127927462479,2.5657581756039227
0.9988196336729243,0.9970035368170657,0.5,-0.0031709718804645336,0.0089731422831976,0.0093339339088465,16.0,16.354430379746834,0.0,0.012658227848101207,True,True,2.427203376509368e-06,entropy_sigma,11,10,5.061666136810752,2.059190698085931
0.989606313216276,0.9983935669519892,0.5,-0.0017330466162728732,0.005665752905054968,0.005300637138910283,43.64556962025317,16.70886075949367,0.01265822784810108,0.025316455696202538,True,True,9.381048732270969e-07,entropy_sigma,11,20,4.860940455594298,1.6836870281518703
0.988246010413394,0.9951565211625762,0.325,-2.7436131495768307e-06,0.004222159630636657,0.0036502974460006117,43.291139240506325,16.70886075949367,0.025316455696202667,0.025316455696202538,True,True,7.080376926982268e-07,entropy_sigma,11,30,4.742401206664219,1.5167063346540415
0.9955256162060636,1.0,0.4375,-0.006155024689789535,0.012868008442031842,0.017053163436604915,16.0,16.0,0.0,0.0,True,True,6.8299447331110485e-06,entropy_vector,11,0,5.98779633265071,3.6801590903350685
0.9725788944415348,0.9929904839688305,0.0875,-0.01260307480304336,0.04813226102489032,0.06427805490717126,22.734177215189874,23.443037974683545,0.24050632911392406,0.2658227848101266,False,False,0.0009795101462357625,entropy_vector,11,5,2.6399852386559064,3.989084424228817
0.9196904323160131,0.9813618435631934,0.075,-0.00671628300333954,0.039004339796363974,0.05101244233899521,34.07594936708861,33.36708860759494,0.3544303797468353,0.37974683544303794,False,False,0.0022184168642506163,entropy_vector,11,10,1.480888015497084,2.189304456353776
0.8913622476005626,0.9910867041191722,0.0625,-0.003614704063532209,0.02646848502432253,0.0381361169562322,33.0126582278481,32.65822784810126,0.3924050632911393,0.4050632911392406,False,False,0.00037152132412821004,entropy_vector,11,20,0.7268831194615284,1.041428326564365
0.9355063080965037,0.9918299770211334,0.1,-0.005077085074090337,0.02510671634633621,0.032626651336137485,36.20253164556962,35.848101265822784,0.27848101265822783,0.29113924050632917,False,False,7.544792597458105e-05,entropy_vector,11,30,1.0008998979979455,1.8944362270098396
0.9973455815532607,0.9999933014466252,0.425,-0.005993004195083179,0.012856840874716058,0.017053163436604915,44.0,16.0,0.0,0.0,True,True,6.8299447331110485e-06,entropy_sigma,12,0,5.992190453370212,3.709047325171499
0.9756151088885471,1.0,0.5,-0.005466252211542406,0.012692236121693151,0.016301913329562392,16.0,16.0,0.0,0.0,True,True,0.0004671136836886802,entropy_sigma,12,5,5.335971242248599,2.5770962096529746
0.99956488133121,0.9970027591063524,0.35,-0.0010967804668261588,0.009825960791727317,0.0093339339088465,44.0,16.354430379746834,0.0,0.012658227848101207,True,True,2.427203376509368e-06,entropy_sigma,12,10,5.071556830076942,2.070905186613209
0.9939645409082984,0.9974911184823819,0.425,-0.000922618227277505,0.0059734123887568505,0.0052924418265871895,43.64556962025317,16.354430379746834,0.01265822784810108,0.012658227848101207,True,True,9.403596180623808e-07,entropy_sigma,12,20,4.883850749088761,1.6914419116124364
0.9810516824026779,1.0,0.3875,-0.00045143827962679977,0.004206755354807523,0.003653334398253945,43.291139240506325,43.291139240506325,0.025316455696202667,0.025316455696202667,True,True,7.361557674556707e-07,entropy_sigma,12,30,4.766962562955358,1.5199812593582251
0.9973455815532607,0.9999933014466252,0.425,-0.005993004195083179,0.012856840874716058,0.017053163436604915,44.0,16.0,0.0,0.0,True,True,6.8299447331110485e-06,entropy_vector,12,0,5.992190453370212,3.709047325171499
0.9696923346981012,0.9952719860431823,0.075,-0.011204639809214954,0.0507476310070899,0.06562032014066643,23.443037974683545,23.79746835443038,0.2658227848101266,0.27848101265822783,False,False,0.00012219870985541448,entropy_vector,12,5,2.584878455157366,3.8340094113799097
0.9631261240574689,0.9906128879305345,0.0875,-0.00890276218279952,0.046267900782773375,0.05842094660873676,22.734177215189874,23.443037974683545,0.24050632911392406,0.2658227848101266,False,False,0.0083224248597904,entropy_vector,12,10,1.8433100934396325,3.0917960858145257
0.9522410209653344,0.9779122048661009,0.1375,-0.006841244179851987,0.025098471969144054,0.03363685782912729,22.734177215189874,23.79746835443038,0.24050632911392406,0.27848101265822783,False,False,0.0009301823574030532,entropy_vector,12,20,1.466701574243908,2.173290767598919
0.8958583074818064,0.9486154106817338,0.1375,-0.004068572624981191,0.015317983822700582,0.021520120077549693,24.151898734177216,36.911392405063296,0.29113924050632917,0.25316455696202517,False,False,0.0023744844553638123,entropy_vector,12,30,1.087610900671489,1.2920486382335379
0.9950970361741172,1.0,0.325,-0.004025080917775296,0.014493812532567346,0.017053163436604915,16.0,16.0,0.0,0.0,True,True,6.8299447331110485e-06,entropy_sigma,13,0,6.013904091788244,3.81782054287551
0.9435520538743019,0.9895957716973204,0.4,-0.004098619295969887,0.011358060085902927,0.014665075039363679,44.0,42.936708860759495,0.0,0.03797468354430374,True,True,0.0009399991125834672,entropy_sigma,13,5,5.572074770689746,2.6397157778272664
0.9978217882460919,0.9970035368170657,0.475,-0.002855430450631172,0.009105664194822338,0.0093339339088465,16.0,16.354430379746834,0.0,0.012658227848101207,True,True,2.427203376509368e-06,entropy_sigma,13,10,5.07589783733152,2.058754442971629
0.9894297579344188,0.9999998786278262,0.4875,-0.001692355601933011,0.005417127322652281,0.005279292641101371,16.354430379746834,43.64556962025317,0.012658227848101207,0.01265822784810108,True,True,1.1208488257530291e-06,entropy_sigma,13,20,4.888488007766072,1.6795618876918528
0.9612168899240875,0.9940080191057548,0.3375,-6.3124442764689835e-06,0.004251423874044792,0.0036536112837872656,16.70886075949367,43.291139240506325,0.025316455696202538,0.025316455696202667,True,True,7.631509779670864e-07,entropy_sigma,13,30,4.764427169468771,1.5088099029923554
0.9950970361741172,1.0,0.325,-0.004025080917775296,0.014493812532567346,0.017053163436604915,16.0,16.0,0.0,0.0,True,True,6.8299447331110485e-06,entropy_vector,13,0,6.013904091788244,3.81782054287551
0.9723053134850599,0.9955507343688634,0.0125,-0.007726102988010797,0.07465440307264815,0.08996013939653363,33.36708860759494,33.0126582278481,0.37974683544303794,0.3924050632911393,False,False,0.003105817273724165,entropy_vector,13,5,2.0638875463678588,3.499993910430628
0.9830904807843065,0.9942565268113023,0.0875,-0.008957963627700797,0.04282889759044217,0.05375343667284466,36.911392405063296,36.20253164556962,0.25316455696202517,0.27848101265822783,False,False,0.00011890122700308758,entropy_vector,13,10,2.0958981388181184,3.661451800560366
0.8872393184160624,0.9711084988067723,0.0875,-0.0035886606426920355,0.02192381238961258,0.029769348739113966,34.43037974683544,33.72151898734177,0.3417721518987342,0.3670886075949369,False,False,0.00012856131949168237,entropy_vector,13,20,1.011120319467067,1.2065308456589265
0.9190695337302947,0.984153583564669,0.0875,-0.0022992278625551255,0.016869291557033678,0.02238536292954768,34.43037974683544,34.07594936708861,0.3417721518987342,0.3544303797468353,False,False,2.1341631188276367e-05,entropy_vector,13,30,0.7960692303430281,0.9605604741990419
0.9924265617371073,1.0,0.35,-0.004404858898158308,0.01440671897257266,0.017053163436604915,16.0,16.0,0.0,0.0,True,True,6.8299447331110485e-06,entropy_sigma,14,0,5.982753612076868,3.6672867453509976
0.9977534378337859,1.0,0.325,-0.001972476660518388,0.014281734917732283,0.014681512939927768,44.0,44.0,0.0,0.0,True,True,2.152397231647285e-05,entropy_sigma,14,5,5.262824668573996,2.536919755865658
0.9986247929866483,0.9970027591063524,0.5125,-0.003362647126789793,0.008541708018468187,0.0093339339088465,44.0,16.354430379746834,0.0,0.012658227848101207,True,True,2.427203376509368e-06,entropy_sigma,14,10,5.048403916302586,2.06148378435066
0.9898220624812623,1.0,0.45,-0.0012763856131910959,0.0057174732494464295,0.005300642080213469,16.354430379746834,16.354430379746834,0.012658227848101207,0.012658227848101207,True,True,9.35359995013485e-07,entropy_sigma,14,20,4.8555855963019585,1.6863839605046198
0.9552606478735851,1.0,0.325,-7.895882129168772e-05,0.004315903393890451,0.003703288706772997,17.063291139240505,17.063291139240505,0.03797468354430374,0.03797468354430374,True,True,3.704018195938019e-06,entropy_sigma,14,30,4.729884640767733,1.5157333083124136
0.9924265617371073,1.0,0.35,-0.004404858898158308,0.01440671897257266,0.017053163436604915,16.0,16.0,0.0,0.0,True,True,6.8299447331110485e-06,entropy_vector,14,0,5.982753612076868,3.6672867453509976
0.9533995613941707,0.9773724541985738,0.0,-0.007531889361888172,0.061690611184369304,0.07754027564309984,36.55696202531645,35.848101265822784,0.2658227848101267,0.29113924050632917,False,False,0.07200046644421498,entropy_vector,14,5,1.9226896619163938,3.238462590995779
0.9725761094959359,0.9887298363657268,0.075,-0.009614468055702277,0.04819331479325056,0.06036709275832902,24.50632911392405,25.21518987341772,0.30379746835443033,0.3291139240506329,False,False,0.010059712632568107,entropy_vector,14,10,1.9369324094893305,3.6786525895218114
0.9377653746899183,0.9892804161473332,0.1125,-0.004927560753988699,0.02442088836091244,0.03153466842962316,23.443037974683545,24.151898734177216,0.2658227848101266,0.29113924050632917,False,False,0.00012223653419951575,entropy_vector,14,20,1.3871182754614124,1.8578511578478365
0.9221555671702873,0.9766164887597639,0.1,-0.003158917129693413,0.01519502720764529,0.021141794744095888,36.911392405063296,36.20253164556962,0.25316455696202517,0.27848101265822783,False,False,0.0014717541074810159,entropy_vector,14,30,1.0464048146823537,1.1754667589307741
0.9966577229653676,1.0,0.25,-0.0026852294913456264,0.015222138530219281,0.017053163436604915,16.0,16.0,0.0,0.0,True,True,6.8299447331110485e-06,entropy_sigma,15,0,6.039969037161516,3.754629486794139
0.9849383965987595,1.0,0.4625,-0.004630520887279943,0.01387845126257907,0.016301923456410947,44.0,44.0,0.0,0.0,True,True,0.00031691842532266534,entropy_sigma,15,5,5.359103974722394,2.58019054538568
0.999109228873267,0.9970027591063524,0.475,-0.0025938474234046766,0.00920906839238591,0.0093339339088465,44.0,16.354430379746834,0.0,0.012658227848101207,True,True,2.427203376509368e-06,entropy_sigma,15,10,5.091796966185919,2.0610526959363247
0.9950902860927442,1.0,0.5125,-0.0017206341289165024,0.005433177028803009,0.005292540638717237,43.64556962025317,43.64556962025317,0.01265822784810108,0.01265822784810108,True,True,1.8249501577694005e-06,entropy_sigma,15,20,4.908275953978602,1.6846490799846998
0.9813563719920261,0.9561582522401859,0.5,-0.001422389377279443,0.003879562503205203,0.0037980311802167516,16.70886075949367,42.936708860759495,0.025316455696202538,0.03797468354430374,True,True,2.511053991627321e-06,entropy_sigma,15,30,4.763412049592219,1.5110430895970441
0.9966577229653676,1.0,0.25,-0.0026852294913456264,0.015222138530219281,0.017053163436604915,16.0,16.0,0.0,0.0,True,True,6.8299447331110485e-06,entropy_vector,15,0,6.039969037161516,3.754629486794139
0.9900829212613836,0.9985236009998634,0.05,-0.008935989234205077,0.06669525582517832,0.07841048849370813,34.78481012658228,34.43037974683544,0.3291139240506329,0.3417721518987342,False,False,0.020562262118390073,entropy_vector,15,5,2.7308841426692227,4.44823909946213
0.9542172106940704,0.9922864024485373,0.05,-0.006782853221442599,0.043385390392535916,0.05559914194905738,33.0126582278481,32.65822784810126,0.3924050632911393,0.4050632911392406,False,False,0.0184909739056488,entropy_vector,15,10,1.4493311838856344,2.298796733776283
0.9498543989849886,0.9865910767654495,0.1,-0.005488452541577288,0.03221535739751469,0.04074832894993896,34.43037974683544,33.72151898734177,0.3417721518987342,0.3670886075949369,False,False,0.010812624342938837,entropy_vector,15,20,1.2432955952075333,2.2351348407290157
0.8914625773378179,0.9748242892084787,0.1125,-0.0036914481293958135,0.016533075784591372,0.023217137084411893,23.08860759493671,33.72151898734177,0.2531645569620254,0.3670886075949369,False,False,0.0031203589505284235,entropy_vector,15,30,0.9160616071190203,1.1915644313860554
0.997398330820547,0.9999933014466252,0.275,-0.002816420205446639,0.01563412876746964,0.017053163436604915,44.0,16.0,0.0,0.0,True,True,6.8299447331110485e-06,entropy_sigma,16,0,6.003552111658806,3.68852310043851
0.9977647639611699,1.0,0.525,-0.005664494997978212,0.011971237755270286,0.014681513356982562,16.0,16.0,0.0,0.0,True,True,6.99742914348489e-05,entropy_sigma,16,5,5.288008856871626,2.5507850820322715
0.9989063573037827,0.9970035368170657,0.4625,-0.002558945388683456,0.00902449027969076,0.0093339339088465,16.0,16.354430379746834,0.0,0.012658227848101207,True,True,2.427203376509368e-06,entropy_sigma,16,10,5.070425719516774,2.0685067647392796
0.9863000908587449,0.9977495149133081,0.3375,-0.0002923412168006805,0.005996007541800505,0.005292437013280877,43.291139240506325,43.64556962025317,0.025316455696202667,0.01265822784810108,True,True,1.417513585177943e-06,entropy_sigma,16,20,4.876189186851126,1.686303308999788
0.963980646608267,0.9926145870577822,0.2625,0.00031804322233038224,0.00439974344504657,0.0036786716269706955,42.936708860759495,43.291139240506325,0.03797468354430374,0.025316455696202667,True,True,1.5089737408491288e-06,entropy_sigma,16,30,4.743413691760313,1.5109141262161823
0.997398330820547,0.9999933014466252,0.275,-0.002816420205446639,0.01563412876746964,0.017053163436604915,44.0,16.0,0.0,0.0,True,True,6.8299447331110485e-06,entropy_vector,16,0,6.003552111658806,3.68852310043851
0.978045135377622,0.9897023769277656,0.0,-0.00813040990054921,0.07544447923460806,0.09238795510277253,26.9873417721519,27.341772151898734,0.3924050632911393,0.4050632911392405,False,False,0.04345478528503344,entropy_vector,16,5,2.048911879201115,3.392931044617963
0.9650352059069849,0.9979037561358385,0.0375,-0.007185019175871107,0.04935310370931556,0.06228656388001508,33.72151898734177,33.36708860759494,0.3670886075949369,0.37974683544303794,False,False,0.00035843974145421953,entropy_vector,16,10,1.3866249230178855,2.5255441749334278
0.903893131467398,0.9912175030288088,0.1,-0.00592706561688236,0.028227661775503315,0.03886184917553748,23.79746835443038,24.151898734177216,0.27848101265822783,0.29113924050632917,False,False,0.0063906412260889,entropy_vector,16,20,1.0694442714474057,1.725034016744388
0.8975673663739788,0.9836390937010465,0.0875,-0.0024831850132918352,0.016249408908132174,0.02335640508691847,33.36708860759494,33.0126582278481,0.37974683544303794,0.3924050632911393,False,False,0.0026518775476769285,entropy_vector,16,30,0.7249203216960832,0.901865951995411
0.9968947590200524,0.9999933014466252,0.35,-0.004415155630295173,0.01408332569366999,0.017053163436604915,44.0,16.0,0.0,0.0,True,True,6.8299447331110485e-06,entropy_sigma,17,0,5.979984399667779,3.602317962929586
0.9878682294248308,1.0,0.4375,-0.004085240021289817,0.014505405485548073,0.016301913329562392,16.0,16.0,0.0,0.0,True,True,0.0004671136836886802,entropy_sigma,17,5,5.335589913813312,2.5551258693428633
0.9992465046102575,0.9970035368170657,0.45,-0.002359476931568395,0.00934707492836808,0.0093339339088465,16.0,16.354430379746834,0.0,0.012658227848101207,True,True,2.427203376509368e-06,entropy_sigma,17,10,5.0764924240162825,2.061611402224966
0.9878809574058316,1.0,0.4375,-0.0011031366447106722,0.005705550951357805,0.0052924418265871895,16.354430379746834,16.354430379746834,0.012658227848101207,0.012658227848101207,True,True,9.403596180623808e-07,entropy_sigma,17,20,4.8899993512206335,1.6870740100324242
0.9753892682875914,0.977813078548156,0.4,-0.00035829828902571195,0.00410744439959276,0.003652109335524626,43.64556962025317,16.70886075949367,0.01265822784810108,0.025316455696202538,True,True,8.173704454383923e-07,entropy_sigma,17,30,4.773259769565534,1.5177802493121957
0.9968947590200524,0.9999933014466252,0.35,-0.004415155630295173,0.01408332569366999,0.017053163436604915,44.0,16.0,0.0,0.0,True,True,6.8299447331110485e-06,entropy_vector,17,0,5.979984399667779,3.602317962929586
0.9697511627763474,0.9822960107804064,0.0,-0.008047360673172022,0.07267535557829952,0.09022042682396875,26.9873417721519,27.696202531645568,0.3924050632911393,0.4177215189873417,False,False,0.04734239909321314,entropy_vector,17,5,2.000175403556216,3.0900656329206195
0.9373413877334363,0.9867074331674462,0.05,-0.007307905064853279,0.04743316672906306,0.06235090242180541,33.72151898734177,33.36708860759494,0.3670886075949369,0.37974683544303794,False,False,0.0009180046459136282,entropy_vector,17,10,1.2973143750442508,2.297971694282341
0.9359865032674726,0.9851021165170315,0.075,-0.003681628435855979,0.02656106698651889,0.034004505621947734,25.21518987341772,34.78481012658228,0.3291139240506329,0.3291139240506329,False,False,0.0005679909447798837,entropy_vector,17,20,1.046166751416136,1.5542566774133666
0.9240266322710237,0.9815849218427387,0.1,-0.002788232308147124,0.018383671153252068,0.023564840606819515,35.848101265822784,24.860759493670884,0.29113924050632917,0.31645569620253156,False,False,0.0002093601725325911,entropy_vector,17,30,0.9517426219165682,1.27275337743212
0.9968739449505034,1.0,0.425,-0.006153684911696855,0.012497125578150942,0.017053163436604915,16.0,16.0,0.0,0.0,True,True,6.8299447331110485e-06,entropy_sigma,18,0,6.0104108110308685,3.677137799208466
0.969779984443838,1.0,0.425,-0.003935232588671421,0.0137180505398624,0.016301923456410947,44.0,44.0,0.0,0.0,True,True,0.00031691842532266534,entropy_sigma,18,5,5.361057894952265,2.575098493860346
0.9973512739476544,0.9970035368170657,0.4875,-0.0027077454837188784,0.009137215214260211,0.0093339339088465,16.0,16.354430379746834,0.0,0.012658227848101207,True,True,2.427203376509368e-06,entropy_sigma,18,10,5.08574138179619,2.067774460312539
0.9952395252246787,0.9999998786278262,0.35,-0.00032074788107366186,0.005898611901295155,0.005279292641101371,16.354430379746834,43.64556962025317,0.012658227848101207,0.01265822784810108,True,True,1.1208488257530291e-06,entropy_sigma,18,20,4.892352349383072,1.6915222501548268
0.9798748346487961,1.0,0.2875,0.0002606908966760722,0.004409818997846229,0.0036536112837872656,43.291139240506325,43.291139240506325,0.025316455696202667,0.025316455696202667,True,True,7.631509779670864e-07,entropy_sigma,18,30,4.761214051146038,1.5197109576542391
0.9968739449505034,1.0,0.425,-0.006153684911696855,0.012497125578150942,0.017053163436604915,16.0,16.0,0.0,0.0,True,True,6.8299447331110485e-06,entropy_vector,18,0,6.0104108110308685,3.677137799208466
0.9684412304758669,0.994305385361956,0.025,-0.007253909218135596,0.0622869450211031,0.07432683517462291,23.443037974683545,23.79746835443038,0.2658227848101266,0.27848101265822783,False,False,0.042992066343137236,entropy_vector,18,5,2.211665768830156,3.6777418815608183
0.9739446778250115,0.9945427573059464,0.05,-0.007299554247467824,0.04946199297659323,0.0610804835203434,33.36708860759494,33.0126582278481,0.37974683544303794,0.3924050632911393,False,False,0.01315172447341717,entropy_vector,18,10,1.5072074797191852,2.794790572948295
0.9415945478075226,0.9965984354778049,0.05,-0.0019644131089957117,0.030463762720578935,0.03852302674686739,32.65822784810126,32.30379746835443,0.4050632911392406,0.4177215189873417,False,False,0.0025329406808818344,entropy_vector,18,20,0.7423675222555582,1.1494870277025337
0.9561719547554376,0.9921044906055623,0.15,-0.007296232316503809,0.026420955129022983,0.03584899289267815,35.848101265822784,35.139240506329116,0.29113924050632917,0.31645569620253156,False,False,0.004148107535692835,entropy_vector,18,30,1.1596414383979445,2.3840562065441335
0.9945608583407622,1.0,0.4375,-0.006342303659819554,0.013114911291125103,0.017053163436604915,16.0,16.0,0.0,0.0,True,True,6.8299447331110485e-06,entropy_sigma,19,0,6.012305580387497,3.820373528389669
0.9777478682851588,1.0,0.4875,-0.005044352930641701,0.01323830392425722,0.016301923456410947,44.0,44.0,0.0,0.0,True,True,0.00031691842532266534,entropy_sigma,19,5,5.343132845967674,2.5694765033271
0.9983765059775416,0.9970035368170657,0.4625,-0.002441550729436404,0.009260130763890567,0.0093339339088465,16.0,16.354430379746834,0.0,0.012658227848101207,True,True,2.427203376509368e-06,entropy_sigma,19,10,5.070764651379388,2.0538518637011904
0.992833107084873,1.0,0.4875,-0.0015019763071593122,0.00554170507142477,0.005292540638717237,43.64556962025317,43.64556962025317,0.01265822784810108,0.01265822784810108,True,True,1.8249501577694005e-06,entropy_sigma,19,20,4.883699364130813,1.67869849968521
0.9783308008332471,0.9846590099266274,0.15,0.0005516269945150284,0.004349598754759387,0.003652087562718155,16.70886075949367,43.291139240506325,0.025316455696202538,0.025316455696202667,True,True,1.5067009973002143e-06,entropy_sigma,19,30,4.7639710400815405,1.5102029781903832
0.9945608583407622,1.0,0.4375,-0.006342303659819554,0.013114911291125103,0.017053163436604915,16.0,16.0,0.0,0.0,True,True,6.8299447331110485e-06,entropy_vector,19,0,6.012305580387497,3.820373528389669
0.9629037062897713,0.989248378043364,0.0,-0.0101865774455343,0.07085119688812336,0.09204710294779228,33.0126582278481,32.65822784810126,0.3924050632911393,0.4050632911392406,False,False,0.01448366543024815,entropy_vector,19,5,1.990124222127662,3.272269739204416
0.9822349417476796,0.9973651982186106,0.075,-0.007412511424211801,0.04602233877453232,0.05563125834513366,35.848101265822784,35.49367088607595,0.29113924050632917,0.3037974683544305,False,False,0.0011980864721570228,entropy_vector,19,10,1.9791493949364483,3.529713417783438
0.9336532195683557,0.9887388862116742,0.1,-0.004079081317565349,0.024902834102014493,0.03216894989869648,24.50632911392405,25.21518987341772,0.30379746835443033,0.3291139240506329,False,False,0.0008168682071940658,entropy_vector,19,20,1.1874329750256158,1.6327061431713912
0.9216334110543019,0.9731377845503966,0.15,-0.004442797709644035,0.01699324050688511,0.023246904196405432,38.68354430379747,37.620253164556964,0.18987341772151897,0.22784810126582272,False,False,0.004067289988137102,entropy_vector,19,30,1.154478762257008,1.4833459733076269
0.9953812682223341,0.9999933014466252,0.3875,-0.005477562730740145,0.013495326444448952,0.017053163436604915,44.0,16.0,0.0,0.0,True,True,6.8299447331110485e-06,entropy_sigma,20,0,5.990948952897268,3.6990923536258524
0.9627489185333262,0.9895976129141236,0.3375,-0.002825150410271234,0.01310236411829381,0.014665136669278794,16.0,17.063291139240505,0.0,0.03797468354430374,True,True,0.0011926207899588537,entropy_sigma,20,5,5.545725121241725,2.6169290922990904
0.9975366727247639,0.9970027591063524,0.45,-0.002361997590606541,0.009458673070947825,0.0093339339088465,44.0,16.354430379746834,0.0,0.012658227848101207,True,True,2.427203376509368e-06,entropy_sigma,20,10,5.046846778492973,2.074189262497819
0.9876294219690186,1.0,0.4375,-0.0008622840828133266,0.006053846289787841,0.005292437013280877,43.64556962025317,43.64556962025317,0.01265822784810108,0.01265822784810108,True,True,1.417513585177943e-06,entropy_sigma,20,20,4.853033579371975,1.6918247248279525
0.9725718005555196,1.0,0.3875,-0.0002558257826059285,0.004248016991391913,0.0038476191216404027,16.70886075949367,16.70886075949367,0.025316455696202538,0.025316455696202538,True,True,2.4307248161825612e-05,entropy_sigma,20,30,4.714105164758302,1.5155265507733187
0.9953812682223341,0.9999933014466252,0.3875,-0.005477562730740145,0.013495326444448952,0.017053163436604915,44.0,16.0,0.0,0.0,True,True,6.8299447331110485e-06,entropy_vector,20,0,5.990948952897268,3.6990923536258524
0.9776148079024057,0.9901822801209847,0.0,-0.00429559055114323,0.07775889152031612,0.09064448027163569,27.341772151898734,27.696202531645568,0.4050632911392405,0.4177215189873417,False,False,0.052115332570097817,entropy_vector,20,5,2.0021076018087376,3.1098083837110164
0.979747600457335,0.9950629042967938,0.075,-0.008658903044067703,0.049979810246962575,0.061198432724283436,22.734177215189874,23.08860759493671,0.24050632911392406,0.2531645569620254,False,False,0.0031395184630508277,entropy_vector,20,10,1.9666367719278641,3.4957815591421095
0.9220712823765093,0.9812206441392571,0.075,-0.003891861655591836,0.026119881906026127,0.03377992889917969,24.50632911392405,25.21518987341772,0.30379746835443033,0.3291139240506329,False,False,0.0005220498230531501,entropy_vector,20,20,1.0375146576229823,1.5204857571328936
0.9328411755059148,0.9878964191268449,0.075,-0.0019312603892980423,0.016869909009707973,0.02239893090135478,34.43037974683544,34.07594936708861,0.3417721518987342,0.3544303797468353,False,False,0.00020737403708237512,entropy_vector,20,30,0.770991414665958,0.9036368536536855
0.9959545959145774,1.0,0.325,-0.004097060476510866,0.01428560295909441,0.017053163436604915,16.0,16.0,0.0,0.0,True,True,6.8299447331110485e-06,entropy_sigma,21,0,6.011254027348568,3.620559099632296
0.9909657030658149,1.0,0.45,-0.004260437463572147,0.012225039012214625,0.014681512939927768,44.0,44.0,0.0,0.0,True,True,2.152397231647285e-05,entropy_sigma,21,5,5.291474679581603,2.5211599500883737
0.9995402747442478,0.9970027591063524,0.475,-0.003002323279236769,0.00908244742378056,0.0093339339088465,44.0,16.354430379746834,0.0,0.012658227848101207,True,True,2.427203376509368e-06,entropy_sigma,21,10,5.080061388314824,2.0640622352277735
0.9960604718187559,1.0,0.4125,-0.0008519117075132792,0.005805201583382793,0.005292545449187339,16.354430379746834,16.354430379746834,0.012658227848101207,0.012658227848101207,True,True,8.781430048676597e-07,entropy_sigma,21,20,4.891561155276284,1.6946302754474523
0.980530356733201,0.9966114887543829,0.3625,-0.00029409958541849724,0.004353391472637393,0.0037930857558986543,43.64556962025317,43.291139240506325,0.01265822784810108,0.025316455696202667,True,True,1.5315264021875663e-05,entropy_sigma,21,30,4.776771015227491,1.5251039276699863
0.9959545959145774,1.0,0.325,-0.004097060476510866,0.01428560295909441,0.017053163436604915,16.0,16.0,0.0,0.0,True,True,6.8299447331110485e-06,entropy_vector,21,0,6.011254027348568,3.620559099632296
0.9709215485312139,0.9953651392277872,0.0625,-0.009952924705601031,0.05282272895957185,0.06642063721243135,23.443037974683545,23.79746835443038,0.2658227848101266,0.27848101265822783,False,False,0.0001839069522409087,entropy_vector,21,5,2.5522311340851807,3.9255301457497476
0.966195286219028,0.9914320943758603,0.075,-0.007689976226295692,0.043144996611435005,0.05382284165292828,24.50632911392405,25.21518987341772,0.30379746835443033,0.3291139240506329,False,False,0.005093676603797226,entropy_vector,21,10,1.8301997879504588,3.096780743054749
0.8692440841639649,0.9648847972197172,0.0875,-0.004611052168462073,0.0223126726865831,0.03251580443314506,34.78481012658228,34.07594936708861,0.3291139240506329,0.3544303797468353,False,False,0.0003649551372177928,entropy_vector,21,20,0.95749932945402,1.3021870591075613
0.9513782991612453,0.9714524915403777,0.05,-0.0011752166372650842,0.015682041244408723,0.021318535624907736,33.36708860759494,33.0126582278481,0.37974683544303794,0.3924050632911393,False,False,0.00030544257473896774,entropy_vector,21,30,0.6123274473754541,0.613213572378545
0.9930245010710415,1.0,0.375,-0.004818103656264901,0.014252527645178564,0.017053163436604915,16.0,16.0,0.0,0.0,True,True,6.8299447331110485e-06,entropy_sigma,22,0,6.009387496608603,3.7298485820026523
0.944371565942715,0.9895957716973204,0.45,-0.004811779377579376,0.011356574024874458,0.014665075039363679,44.0,42.936708860759495,0.0,0.03797468354430374,True,True,0.0009399991125834672,entropy_sigma,22,5,5.565541302236406,2.626559640188243
0.9996783361650794,0.9970035368170657,0.475,-0.002734124524005742,0.009124673242611424,0.0093339339088465,16.0,16.354430379746834,0.0,0.012658227848101207,True,True,2.427203376509368e-06,entropy_sigma,22,10,5.070225214275713,2.067948171971539
0.9971705641547832,1.0,0.3875,-0.0006230123230983775,0.005811571185184453,0.005279292641101371,43.64556962025317,43.64556962025317,0.01265822784810108,0.01265822784810108,True,True,1.1208488257530291e-06,entropy_sigma,22,20,4.883043780282903,1.6910936316916738
0.9827347355226451,0.9917156062779457,0.5,-0.0013187630639700243,0.003960522496942908,0.00360089635346688,43.64556962025317,43.291139240506325,0.01265822784810108,0.025316455696202667,True,True,6.742574467644147e-07,entropy_sigma,22,30,4.76929342685379,1.521208048694458
0.9930245010710415,1.0,0.375,-0.004818103656264901,0.014252527645178564,0.017053163436604915,16.0,16.0,0.0,0.0,True,True,6.8299447331110485e-06,entropy_vector,22,0,6.009387496608603,3.7298485820026523
0.9790919770097704,0.9953651392277872,0.0625,-0.009194053613817983,0.054265147998637187,0.06642063721243135,23.443037974683545,23.79746835443038,0.2658227848101266,0.27848101265822783,False,False,0.0001839069522409087,entropy_vector,22,5,2.5364526074507108,3.84864302445564
0.9783396484936089,0.9978132605069031,0.0625,-0.006409551475982201,0.050240458566742585,0.05991777123407299,23.08860759493671,23.443037974683545,0.2531645569620254,0.2658227848101266,False,False,0.008350443836473431,entropy_vector,22,10,1.8079317448369154,3.1214964774439276
0.9125101366961091,0.9931314831387945,0.0875,-0.0037784476860829377,0.022955005889536834,0.03044405804188649,34.43037974683544,34.07594936708861,0.3417721518987342,0.3544303797468353,False,False,0.0005624253044022032,entropy_vector,22,20,1.0896123080082203,1.4084481184278734
0.8537199311552173,0.9644375803120517,0.1125,-0.003746586382762606,0.014895978734779325,0.021970354382030516,35.139240506329116,34.43037974683544,0.31645569620253156,0.3417721518987342,False,False,0.0003330088954169863,entropy_vector,22,30,0.8937801174476365,1.078882563897568
0.9979821818013825,0.9999933014466252,0.3625,-0.004340478977152225,0.014639032611639513,0.017053163436604915,44.0,16.0,0.0,0.0,True,True,6.8299447331110485e-06,entropy_sigma,23,0,5.97349221126915,3.7464689593571174
0.9587190484218773,0.9895976129141236,0.4125,-0.004099904503170868,0.011804430281533482,0.014665136669278794,16.0,17.063291139240505,0.0,0.03797468354430374,True,True,0.0011926207899588537,entropy_sigma,23,5,5.526974555086109,2.6346260950248492
0.9984493833768963,0.9970027591063524,0.3875,-0.0015752997739669778,0.00966351502466141,0.0093339339088465,44.0,16.354430379746834,0.0,0.012658227848101207,True,True,2.427203376509368e-06,entropy_sigma,23,10,5.051884773850738,2.0730280542075583
0.9897514187108027,1.0,0.3875,-0.0006035936083456741,0.005869295768369073,0.00530063872533338,43.291139240506325,43.291139240506325,0.025316455696202667,0.025316455696202667,True,True,1.4196105970754047e-06,entropy_sigma,23,20,4.8567858645482955,1.6870587577358251
0.9714952791794857,0.9939732695378316,0.4,-0.0005599506925796639,0.004180263615780614,0.0037744616412228107,16.70886075949367,17.063291139240505,0.025316455696202538,0.03797468354430374,True,True,2.0157001384690787e-06,entropy_sigma,23,30,4.709072440116231,1.50954869893343
0.9979821818013825,0.9999933014466252,0.3625,-0.004340478977152225,0.014639032611639513,0.017053163436604915,44.0,16.0,0.0,0.0,True,True,6.8299447331110485e-06,entropy_vector,23,0,5.97349221126915,3.7464689593571174
0.9944049405086035,0.9976700155890987,0.0625,-0.008070078350325055,0.06316627714948336,0.07481817145679726,25.21518987341772,25.569620253164558,0.3291139240506329,0.3417721518987342,False,False,0.04680913446557289,entropy_vector,23,5,3.061508905091567,4.613610010672907
0.9654291123223449,0.9931701022829796,0.075,-0.007041388339491781,0.039868624019889026,0.05118769948335619,38.32911392405063,37.9746835443038,0.2025316455696203,0.2151898734177214,False,False,0.03598688841844844,entropy_vector,23,10,1.676936987912819,2.4950999245669006
0.8754051636736784,0.9680094161524455,0.1,-0.003476874529401066,0.020864369659262944,0.028369868455760283,27.341772151898734,28.050632911392405,0.4050632911392405,0.43037974683544306,False,False,0.0188177152010246,entropy_vector,23,20,0.9779701173485378,1.1537688032961864
0.9504563948504214,0.9577507249374047,0.05,-0.0018672692044447749,0.01629218231747709,0.021893139980235954,26.278481012658226,35.139240506329116,0.3670886075949366,0.31645569620253156,False,False,0.004538852127650594,entropy_vector,23,30,0.8119328516179949,0.9412085614833281
0.9964098030443161,0.9999933014466252,0.3625,-0.004805435505640249,0.013706243777063268,0.017053163436604915,44.0,16.0,0.0,0.0,True,True,6.8299447331110485e-06,entropy_sigma,24,0,5.966967126797089,3.6077047937055347
0.9911141107901925,1.0,0.3625,-0.002645648408621056,0.01505801692914717,0.016301913329562392,16.0,16.0,0.0,0.0,True,True,0.0004671136836886802,entropy_sigma,24,5,5.319654302317468,2.545969685102356
0.9995564457855726,0.9970027591063524,0.475,-0.0026798109273422216,0.008988501574619438,0.0093339339088465,44.0,16.354430379746834,0.0,0.012658227848101207,True,True,2.427203376509368e-06,entropy_sigma,24,10,5.058135952580229,2.0583530974173256
0.9871950838390534,1.0,0.4125,-0.0007701990442512867,0.005987336450605129,0.005279292641101371,43.64556962025317,43.64556962025317,0.01265822784810108,0.01265822784810108,True,True,1.1208488257530291e-06,entropy_sigma,24,20,4.875825880873511,1.6913869915939272
0.9794740803397345,1.0,0.475,-0.0010734489503126225,0.0038911841013737278,0.0036832971930371335,16.70886075949367,16.70886075949367,0.025316455696202538,0.025316455696202538,True,True,7.264832853071113e-07,entropy_sigma,24,30,4.741799665087167,1.5181120313576069
0.9964098030443161,0.9999933014466252,0.3625,-0.004805435505640249,0.013706243777063268,0.017053163436604915,44.0,16.0,0.0,0.0,True,True,6.8299447331110485e-06,entropy_vector,24,0,5.966967126797089,3.6077047937055347
0.9742433822495906,0.9896476564362678,0.0625,-0.011564620891661243,0.0537184485031052,0.06881637028531551,37.620253164556964,36.911392405063296,0.22784810126582272,0.25316455696202517,False,False,0.04142953485735268,entropy_vector,24,5,2.398891905992269,3.9898940536511116
0.9667869245265217,0.9937752871221888,0.0125,-0.003964246451805865,0.0476476462491395,0.05894593300421719,28.405063291139243,28.759493670886076,0.4430379746835444,0.4556962025316456,False,False,0.051075402341396126,entropy_vector,24,10,1.2425982882175524,2.0677055753999856
0.91146796465587,0.9990668776333435,0.0625,-0.0033662881762488196,0.02951696951096916,0.039463810761882434,27.696202531645568,28.050632911392405,0.4177215189873417,0.43037974683544306,False,False,0.015658370792979825,entropy_vector,24,20,0.762751989245399,1.2186752286522369
0.9397844289091859,0.9622389709338275,0.05,-0.0012705343407977228,0.019498516560844725,0.025286293141052046,27.341772151898734,27.696202531645568,0.4050632911392405,0.4177215189873417,False,False,0.005766991067563398,entropy_vector,24,30,0.5456316784418982,0.6652115840639398
0.997013864937153,0.9999933014466252,0.475,-0.0075833853830339784,0.011816206641918348,0.017053163436604915,44.0,16.0,0.0,0.0,True,True,6.8299447331110485e-06,entropy_sigma,25,0,6.0028885978138,3.6843904127943636
0.9878113259776272,1.0,0.45,-0.004101518700044737,0.014236204785516987,0.016301913329562392,16.0,16.0,0.0,0.0,True,True,0.0004671136836886802,entropy_sigma,25,5,5.325259244796527,2.5831495593267912
0.9987357259047718,0.9970027591063524,0.4875,-0.002863754246309719,0.009094383210347536,0.0093339339088465,44.0,16.354430379746834,0.0,0.012658227848101207,True,True,2.427203376509368e-06,entropy_sigma,25,10,5.04907802010917,2.0654480654586878
0.9923318128367316,1.0,0.3875,-0.0005935126026900862,0.005966265277055637,0.0053005232488543275,16.354430379746834,16.354430379746834,0.012658227848101207,0.012658227848101207,True,True,8.804063960088371e-07,entropy_sigma,25,20,4.850277973726802,1.6822013615240348
0.9846439049016361,1.0,0.4,-0.00043308100856113865,0.004234573154473918,0.003664012331668659,16.70886075949367,16.70886075949367,0.025316455696202538,0.025316455696202538,True,True,8.490758385271135e-07,entropy_sigma,25,30,4.721698761436476,1.509386866110815
0.997013864937153,0.9999933014466252,0.475,-0.0075833853830339784,0.011816206641918348,0.017053163436604915,44.0,16.0,0.0,0.0,True,True,6.8299447331110485e-06,entropy_vector,25,0,6.0028885978138,3.6843904127943636
0.9961691250417227,0.9998854114945921,0.0,-0.007206342852628722,0.05789023832882079,0.06948940650244495,36.911392405063296,36.55696202531645,0.25316455696202517,0.2658227848101267,False,False,0.04780305319782896,entropy_vector,25,5,2.285406369616042,3.8152793589680494
0.959235710362088,0.9830835473018448,0.0125,-0.003962706943505624,0.05345999178550895,0.06360159628689849,28.050632911392405,28.759493670886076,0.43037974683544306,0.4556962025316456,False,False,0.05406692068880803,entropy_vector,25,10,1.288064763125066,2.3725036596624505
0.8786094841658102,0.9846411335433259,0.0875,-0.005520559500428247,0.02571887629034411,0.03654224837140416,35.139240506329116,34.78481012658228,0.31645569620253156,0.3291139240506329,False,False,0.0038914123651470067,entropy_vector,25,20,0.9610220198095814,1.5075654409558599
0.9199859597818549,0.9750614302570523,0.075,-0.001650136625761957,0.016676428845882718,0.02220509647359009,26.9873417721519,27.341772151898734,0.3924050632911393,0.4050632911392405,False,False,0.006568297446643223,entropy_vector,25,30,0.6687547035431188,0.7964756939795012
0.9895070540042022,0.9999933014466252,0.425,-0.005934526230302805,0.01404971295392618,0.017053163436604915,44.0,16.0,0.0,0.0,True,True,6.8299447331110485e-06,entropy_sigma,26,0,6.014990205809098,3.729917654632236
0.9755903455956503,1.0,0.4625,-0.004531895529788002,0.01356588541938343,0.016301913329562392,16.0,16.0,0.0,0.0,True,True,0.0004671136836886802,entropy_sigma,26,5,5.356363682950522,2.5771564142180465
0.9996803948746942,0.9970035368170657,0.525,-0.003310189089789496,0.008733003918507516,0.0093339339088465,16.0,16.354430379746834,0.0,0.012658227848101207,True,True,2.427203376509368e-06,entropy_sigma,26,10,5.086261713726756,2.072568486678783
0.9967500354601803,0.9974911184823819,0.325,-0.00021629644497305205,0.006058993765853862,0.0052924418265871895,43.64556962025317,16.354430379746834,0.01265822784810108,0.012658227848101207,True,True,9.403596180623808e-07,entropy_sigma,26,20,4.893640666449323,1.6933528100617536
0.9840210633724473,0.9924163338622684,0.425,-0.000631515383813739,0.004263184088758722,0.0038124522953824347,43.64556962025317,43.291139240506325,0.01265822784810108,0.025316455696202667,True,True,1.8205209471267025e-05,entropy_sigma,26,30,4.754773057702696,1.5188293472590233
0.9895070540042022,0.9999933014466252,0.425,-0.005934526230302805,0.01404971295392618,0.017053163436604915,44.0,16.0,0.0,0.0,True,True,6.8299447331110485e-06,entropy_vector,26,0,6.014990205809098,3.729917654632236
0.9958490447271888,1.0,0.0,-0.011552972646783843,0.06203535874726046,0.07856920722758026,25.569620253164558,25.569620253164558,0.3417721518987342,0.3417721518987342,False,False,0.003132193514692183,entropy_vector,26,5,2.3683245241807276,3.9311000394533213
0.9644328289151586,0.997078830285929,0.0625,-0.008345903749332327,0.046550028126794596,0.05877728916464303,34.43037974683544,34.07594936708861,0.3417721518987342,0.3544303797468353,False,False,0.004404779752601451,entropy_vector,26,10,1.724089910391507,3.0238394433835247
0.9254624889094206,0.9914440309707396,0.075,-0.0033210800149387713,0.027394266022776642,0.035566760917264295,24.50632911392405,24.860759493670884,0.30379746835443033,0.31645569620253156,False,False,0.00926445536639331,entropy_vector,26,20,0.9282260550577116,1.3546345979942873
0.8768534235040745,0.9866539886879006,0.1,-0.003568286582784278,0.01698995699491121,0.024281770593251872,33.72151898734177,33.36708860759494,0.3670886075949369,0.37974683544303794,False,False,0.004826293931480152,entropy_vector,26,30,0.8444523608668489,1.1136198752809185
0.9897349883451947,1.0,0.4125,-0.005951594023182568,0.013507626516757867,0.017053163436604915,16.0,16.0,0.0,0.0,True,True,6.8299447331110485e-06,entropy_sigma,27,0,5.988718183535379,3.620522732137669
0.9268247614352824,0.9895957716973204,0.4875,-0.005682053093939447,0.01015474649339855,0.014665075039363679,44.0,42.936708860759495,0.0,0.03797468354430374,True,True,0.0009399991125834672,entropy_sigma,27,5,5.541990357918264,2.5980641090216943
0.9981286215833194,0.9970035368170657,0.4375,-0.0022261969806318758,0.00935128550048707,0.0093339339088465,16.0,16.354430379746834,0.0,0.012658227848101207,True,True,2.427203376509368e-06,entropy_sigma,27,10,5.052304233186242,2.0550009786008316
0.9876280147650986,1.0,0.5375,-0.0023255532833696396,0.005245165959384356,0.005292300627819834,16.354430379746834,16.354430379746834,0.012658227848101207,0.012658227848101207,True,True,1.118638748520695e-06,entropy_sigma,27,20,4.856903613859407,1.683143366313607
0.9764274311494103,0.9959716428840053,0.475,-0.0011553480328958476,0.004013299866674449,0.0036676612536772624,16.70886075949367,43.291139240506325,0.025316455696202538,0.025316455696202667,True,True,7.668236946534179e-07,entropy_sigma,27,30,4.729147882455924,1.5122522358202837
0.9897349883451947,1.0,0.4125,-0.005951594023182568,0.013507626516757867,0.017053163436604915,16.0,16.0,0.0,0.0,True,True,6.8299447331110485e-06,entropy_vector,27,0,5.988718183535379,3.620522732137669
0.9402576880218312,0.9805014871312755,0.0375,-0.009466204536008549,0.06175683533648929,0.07809243571372759,30.531645569620252,29.822784810126585,0.4810126582278481,0.49367088607594944,False,False,0.07809243571372759,entropy_vector,27,5,1.9897130011056425,3.3033092178984287
0.9780419944865195,0.996346507761757,0.1,-0.009734508432973809,0.046672092728249126,0.05917932111373947,34.78481012658228,34.43037974683544,0.3291139240506329,0.3417721518987342,False,False,0.014937390128504924,entropy_vector,27,10,1.9987253028431546,3.6145455589781412
0.9117092728550221,0.9685284927154176,0.075,-0.002855225267246261,0.022503947090105947,0.030679245216556794,32.65822784810126,31.949367088607595,0.4050632911392406,0.43037974683544306,False,False,0.01309721342614878,entropy_vector,27,20,0.923275953478601,1.1147141417239779
0.9425273335762744,0.9868596926193085,0.0625,-0.0016812948710334952,0.017586405152141354,0.022317744722027327,34.07594936708861,33.72151898734177,0.3544303797468353,0.3670886075949369,False,False,0.0006657484102100542,entropy_vector,27,30,0.8153711287945888,0.952854968680818
0.9954321598769706,1.0,0.425,-0.005779516426003094,0.013549660657703452,0.017053163436604915,16.0,16.0,0.0,0.0,True,True,6.8299447331110485e-06,entropy_sigma,28,0,6.006738790792315,3.7694130763200167
0.9880168487647021,1.0,0.4,-0.003400326537289065,0.014898985370765408,0.016301923456410947,44.0,44.0,0.0,0.0,True,True,0.00031691842532266534,entropy_sigma,28,5,5.354887846198067,2.587723213073364
0.9987649619846745,0.9970035368170657,0.4375,-0.0023317761092348224,0.009430180116817184,0.0093339339088465,16.0,16.354430379746834,0.0,0.012658227848101207,True,True,2.427203376509368e-06,entropy_sigma,28,10,5.093411598903043,2.066945210940231
0.9939107255269777,1.0,0.4125,-0.0007964600693763926,0.00580973649747887,0.005292545449187339,16.354430379746834,16.354430379746834,0.012658227848101207,0.012658227848101207,True,True,8.781430048676597e-07,entropy_sigma,28,20,4.910487593467663,1.6914312508171772
0.9782589325666433,0.9834968091035621,0.35,1.9504346369389816e-06,0.004217627238570425,0.0036320807141534406,43.64556962025317,16.70886075949367,0.01265822784810108,0.025316455696202538,True,True,8.05713794793661e-07,entropy_sigma,28,30,4.794984546178389,1.5227018126260137
0.9954321598769706,1.0,0.425,-0.005779516426003094,0.013549660657703452,0.017053163436604915,16.0,16.0,0.0,0.0,True,True,6.8299447331110485e-06,entropy_vector,28,0,6.006738790792315,3.7694130763200167
0.9741505547226159,0.9909977480026149,0.0,-0.005602242236192219,0.06653074674744314,0.07938518436893371,23.79746835443038,24.151898734177216,0.27848101265822783,0.29113924050632917,False,False,0.0745821404240844,entropy_vector,28,5,1.8778579200888312,3.2055425766142998
0.9942784360213669,0.99587215501861,0.0875,-0.007661593115405093,0.04827169833750544,0.057007505090681254,37.9746835443038,37.265822784810126,0.2151898734177214,0.24050632911392406,False,False,0.007064389468453447,entropy_vector,28,10,2.574897767815857,4.969752616510033
0.9873443213728134,0.9832774462795272,0.175,-0.006818802613698487,0.02348039264875104,0.03062796859352962,39.74683544303797,38.68354430379747,0.15189873417721525,0.18987341772151897,False,False,8.1135773483898e-05,entropy_vector,28,20,1.9380451172429984,2.6888671832203337
0.9756398190557805,0.9858448612070667,0.0875,-0.00349844994852405,0.016404552731056093,0.021428718080464204,39.392405063291136,38.68354430379747,0.16455696202531658,0.18987341772151897,False,False,0.0002466737202772018,entropy_vector,28,30,1.4835524289349333,1.7329464246660642
0.9968618492812089,1.0,0.4375,-0.006454027119927114,0.012288884248136428,0.017053163436604915,16.0,16.0,0.0,0.0,True,True,6.8299447331110485e-06,entropy_sigma,29,0,6.001695527077191,3.7112831565869606
0.982514380413968,0.9895957716973204,0.35,-0.0028394804247730662,0.013024608082418773,0.014665075039363679,44.0,42.936708860759495,0.0,0.03797468354430374,True,True,0.0009399991125834672,entropy_sigma,29,5,5.56485636571547,2.6236541871526278
0.9986615856985339,0.9970027591063524,0.425,-0.0019550994754544966,0.009510661542898556,0.0093339339088465,44.0,16.354430379746834,0.0,0.012658227848101207,True,True,2.427203376509368e-06,entropy_sigma,29,10,5.06421204581752,2.068462194984898
0.9911326739875229,1.0,0.45,-0.0011453203937883709,0.00590267831570708,0.0052924418265871895,16.354430379746834,16.354430379746834,0.012658227848101207,0.012658227848101207,True,True,9.403596180623808e-07,entropy_sigma,29,20,4.870154631621641,1.6908823148691257
0.9789917322112417,0.9951797341335458,0.375,-0.00013885599171147987,0.004484897024109268,0.0036706139805164906,16.70886075949367,43.291139240506325,0.025316455696202538,0.025316455696202667,True,True,6.585329767050396e-07,entropy_sigma,29,30,4.736208229010584,1.5154330883367484
0.9968618492812089,1.0,0.4375,-0.006454027119927114,0.012288884248136428,0.017053163436604915,16.0,16.0,0.0,0.0,True,True,6.8299447331110485e-06,entropy_vector,29,0,6.001695527077191,3.7112831565869606
0.9792828620370634,0.9964960261946043,0.0,-0.0081015230910918,0.0643716043997023,0.07918083549336707,29.822784810126585,29.468354430379748,0.49367088607594944,0.4810126582278481,False,False,0.07890338791990897,entropy_vector,29,5,1.9309329932045467,3.226344102674312
0.9856276902797816,0.9978940336740881,0.05,-0.005731402318585786,0.04831834907602478,0.056900977889631554,34.78481012658228,34.43037974683544,0.3291139240506329,0.3417721518987342,False,False,0.01565891558676702,entropy_vector,29,10,2.0239619512442473,3.4916782058186278
0.9791894955889759,0.9888891011112432,0.1625,-0.007409407580218413,0.02455367660093094,0.03269449163365548,21.31645569620253,22.025316455696203,0.18987341772151897,0.21518987341772153,False,False,0.000334727674265789,entropy_vector,29,20,1.7140031855323505,2.57274355845451
0.9525667893847021,0.9818599869002826,0.1625,-0.004628828399064122,0.015698881331547898,0.021306347888678273,39.392405063291136,38.68354430379747,0.16455696202531658,0.18987341772151897,False,False,0.001465943611854592,entropy_vector,29,30,1.356729903735414,1.6332898771353126
