n,coverage,se,nominal,z,stratum,value,target,policy,backend
228,0.9649122807017544,0.012185800489276179,0.95,1.223742397134897,overlap_status,no_overlap,mu,uniform_grid,ref
372,0.9381720430107527,0.012487118171348554,0.95,-0.9472127056814619,overlap_status,overlap,mu,uniform_grid,ref
193,0.927461139896373,0.01867044072547259,0.95,-1.2071948613873134,info_stratum,Q1,mu,uniform_grid,ref
225,0.9466666666666667,0.014979821818980193,0.95,-0.22252156091134523,info_stratum,Q2,mu,uniform_grid,ref
169,0.9763313609467456,0.011693429748443451,0.95,2.251808195987208,info_stratum,Q3,mu,uniform_grid,ref
13,0.9230769230769231,0.07390530175619404,0.95,-0.36429154990657203,info_stratum,Q4,mu,uniform_grid,ref
203,0.9507389162561576,0.015189189403652272,0.95,0.04864751083951557,ess_stratum,Q1,mu,uniform_grid,ref
206,0.9514563106796117,0.014973633712012725,0.95,0.09725833472494914,ess_stratum,Q2,mu,uniform_grid,ref
145,0.9379310344827586,0.02003727716323458,0.95,-0.6023256263274185,ess_stratum,Q3,mu,uniform_grid,ref
46,0.9565217391304348,0.030068003252527148,0.95,0.21689964164436887,ess_stratum,Q4,mu,uniform_grid,ref
228,0.9605263157894737,0.012895584798847698,0.95,0.8162728525824056,overlap_status,no_overlap,sigma,uniform_grid,ref
372,0.9731182795698925,0.008385710698336567,0.95,2.7568658640320614,overlap_status,overlap,sigma,uniform_grid,ref
193,0.9740932642487047,0.01143478394665927,0.95,2.107015258101461,info_stratum,Q1,sigma,uniform_grid,ref
225,0.96,0.013063945294843622,0.95,0.7654655446197435,info_stratum,Q2,sigma,uniform_grid,ref
169,0.9763313609467456,0.011693429748443451,0.95,2.251808195987208,info_stratum,Q3,sigma,uniform_grid,ref
13,0.9230769230769231,0.07390530175619404,0.95,-0.36429154990657203,info_stratum,Q4,sigma,uniform_grid,ref
203,0.9704433497536946,0.011886792495254397,0.95,1.7198373540933205,ess_stratum,Q1,sigma,uniform_grid,ref
206,0.9611650485436893,0.013460982451215273,0.95,0.8294378648923495,ess_stratum,Q2,sigma,uniform_grid,ref
145,0.9655172413793104,0.01515294394489796,0.95,1.024041363561906,ess_stratum,Q3,sigma,uniform_grid,ref
46,1.0,0.0,0.95,,ess_stratum,Q4,sigma,uniform_grid,ref
228,0.9649122807017544,0.012185800489276179,0.95,1.223742397134897,overlap_status,no_overlap,q0.5,uniform_grid,ref
372,0.9381720430107527,0.012487118171348554,0.95,-0.9472127056814619,overlap_status,overlap,q0.5,uniform_grid,ref
193,0.927461139896373,0.01867044072547259,0.95,-1.2071948613873134,info_stratum,Q1,q0.5,uniform_grid,ref
225,0.9466666666666667,0.014979821818980193,0.95,-0.22252156091134523,info_stratum,Q2,q0.5,uniform_grid,ref
169,0.9763313609467456,0.011693429748443451,0.95,2.251808195987208,info_stratum,Q3,q0.5,uniform_grid,ref
13,0.9230769230769231,0.07390530175619404,0.95,-0.36429154990657203,info_stratum,Q4,q0.5,uniform_grid,ref
203,0.9507389162561576,0.015189189403652272,0.95,0.04864751083951557,ess_stratum,Q1,q0.5,uniform_grid,ref
206,0.9514563106796117,0.014973633712012725,0.95,0.09725833472494914,ess_stratum,Q2,q0.5,uniform_grid,ref
145,0.9379310344827586,0.02003727716323458,0.95,-0.6023256263274185,ess_stratum,Q3,q0.5,uniform_grid,ref
46,0.9565217391304348,0.030068003252527148,0.95,0.21689964164436887,ess_stratum,Q4,q0.5,uniform_grid,ref
228,0.9429824561403509,0.015356372406043012,0.95,-0.45697927050059706,overlap_status,no_overlap,q0.95,uniform_grid,ref
372,0.9650537634408602,0.009521480682139512,0.95,1.581031768420041,overlap_status,overlap,q0.95,uniform_grid,ref
193,0.9430051813471503,0.016687684221036437,0.95,-0.4191605354104216,info_stratum,Q1,q0.95,uniform_grid,ref
225,0.9688888888888889,0.011574533324221987,0.95,1.6319352460941332,info_stratum,Q2,q0.95,uniform_grid,ref
169,0.9585798816568047,0.015327681602624245,0.95,0.5597638233388037,info_stratum,Q3,q0.95,uniform_grid,ref
13,0.9230769230769231,0.07390530175619404,0.95,-0.36429154990657203,info_stratum,Q4,q0.95,uniform_grid,ref
203,0.9655172413793104,0.012806575046693225,0.95,1.2116620816052708,ess_stratum,Q1,q0.95,uniform_grid,ref
206,0.9514563106796117,0.014973633712012725,0.95,0.09725833472494914,ess_stratum,Q2,q0.95,uniform_grid,ref
145,0.9448275862068966,0.018960652278417953,0.95,-0.2727972496489968,ess_stratum,Q3,q0.95,uniform_grid,ref
46,0.9782608695652174,0.02150153717594957,0.95,1.3143650769689386,ess_stratum,Q4,q0.95,uniform_grid,ref
228,0.9429824561403509,0.015356372406043012,0.95,-0.45697927050059706,overlap_status,no_overlap,q0.99,uniform_grid,ref
372,0.967741935483871,0.009160674745920397,0.95,1.9367498547824995,overlap_status,overlap,q0.99,uniform_grid,ref
193,0.9585492227979274,0.014348116496675067,0.95,0.59584286201667,info_stratum,Q1,q0.99,uniform_grid,ref
225,0.9644444444444444,0.012345283944296095,0.95,1.1700374417972188,info_stratum,Q2,q0.99,uniform_grid,ref
169,0.9526627218934911,0.016335328579814623,0.95,0.16300387717829218,info_stratum,Q3,q0.99,uniform_grid,ref
13,0.9230769230769231,0.07390530175619404,0.95,-0.36429154990657203,info_stratum,Q4,q0.99,uniform_grid,ref
203,0.9605911330049262,0.01365583442267442,0.95,0.7755756753567891,ess_stratum,Q1,q0.99,uniform_grid,ref
206,0.9563106796116505,0.014241427956990266,0.95,0.44312126780468064,ess_stratum,Q2,q0.99,uniform_grid,ref
145,0.9517241379310345,0.017800678640775572,0.95,0.0968579887221323,ess_stratum,Q3,q0.99,uniform_grid,ref
46,0.9782608695652174,0.02150153717594957,0.95,1.3143650769689386,ess_stratum,Q4,q0.99,uniform_grid,ref
228,0.956140350877193,0.013562069833364283,0.95,0.45275912546085095,overlap_status,no_overlap,mu,uniform_grid,particle
372,0.9354838709677419,0.01273740133678706,0.95,-1.1396460430538407,overlap_status,overlap,mu,uniform_grid,particle
193,0.9222797927461139,0.01927168405760268,0.95,-1.4383904992957997,info_stratum,Q1,mu,uniform_grid,particle
225,0.9377777777777778,0.016103914953127334,0.95,-0.758959685132255,info_stratum,Q2,mu,uniform_grid,particle
169,0.9763313609467456,0.011693429748443451,0.95,2.251808195987208,info_stratum,Q3,mu,uniform_grid,particle
13,0.9230769230769231,0.07390530175619404,0.95,-0.36429154990657203,info_stratum,Q4,mu,uniform_grid,particle
203,0.9458128078817734,0.015889231773362447,0.95,-0.26352388699158086,ess_stratum,Q1,mu,uniform_grid,particle
206,0.941747572815534,0.016318891594460982,0.95,-0.5056977758996216,ess_stratum,Q2,mu,uniform_grid,particle
145,0.9379310344827586,0.02003727716323458,0.95,-0.6023256263274185,ess_stratum,Q3,mu,uniform_grid,particle
46,0.9565217391304348,0.030068003252527148,0.95,0.21689964164436887,ess_stratum,Q4,mu,uniform_grid,particle
228,0.8947368421052632,0.02032443278213771,0.95,-2.7190504397891617,overlap_status,no_overlap,sigma,uniform_grid,particle
372,0.9650537634408602,0.009521480682139512,0.95,1.581031768420041,overlap_status,overlap,sigma,uniform_grid,particle
193,0.9689119170984456,0.01249281949265101,0.95,1.5138229692321024,info_stratum,Q1,sigma,uniform_grid,particle
225,0.9288888888888889,0.017134023460504844,0.95,-1.2321163887614435,info_stratum,Q2,sigma,uniform_grid,particle
169,0.9289940828402367,0.01975651744579946,0.95,-1.0632398760252901,info_stratum,Q3,sigma,uniform_grid,particle
13,0.7692307692307693,0.11685454235580768,0.95,-1.5469593832203001,info_stratum,Q4,sigma,uniform_grid,particle
203,0.9261083743842364,0.01836033061504371,0.95,-1.3012633659324029,ess_stratum,Q1,sigma,uniform_grid,particle
206,0.9223300970873787,0.01864815890521637,0.95,-1.4837873836907995,ess_stratum,Q2,sigma,uniform_grid,particle
145,0.9586206896551724,0.0165398292573879,0.95,0.5212078988857671,ess_stratum,Q3,sigma,uniform_grid,particle
46,1.0,0.0,0.95,,ess_stratum,Q4,sigma,uniform_grid,particle
228,0.956140350877193,0.013562069833364283,0.95,0.45275912546085095,overlap_status,no_overlap,q0.5,uniform_grid,particle
372,0.9354838709677419,0.01273740133678706,0.95,-1.1396460430538407,overlap_status,overlap,q0.5,uniform_grid,particle
193,0.9222797927461139,0.01927168405760268,0.95,-1.4383904992957997,info_stratum,Q1,q0.5,uniform_grid,particle
225,0.9377777777777778,0.016103914953127334,0.95,-0.758959685132255,info_stratum,Q2,q0.5,uniform_grid,particle
169,0.9763313609467456,0.011693429748443451,0.95,2.251808195987208,info_stratum,Q3,q0.5,uniform_grid,particle
13,0.9230769230769231,0.07390530175619404,0.95,-0.36429154990657203,info_stratum,Q4,q0.5,uniform_grid,particle
203,0.9458128078817734,0.015889231773362447,0.95,-0.26352388699158086,ess_stratum,Q1,q0.5,uniform_grid,particle
206,0.941747572815534,0.016318891594460982,0.95,-0.5056977758996216,ess_stratum,Q2,q0.5,uniform_grid,particle
145,0.9379310344827586,0.02003727716323458,0.95,-0.6023256263274185,ess_stratum,Q3,q0.5,uniform_grid,particle
46,0.9565217391304348,0.030068003252527148,0.95,0.21689964164436887,ess_stratum,Q4,q0.5,uniform_grid,particle
228,0.9342105263157895,0.016418488032799494,0.95,-0.961688655658643,overlap_status,no_overlap,q0.95,uniform_grid,particle
372,0.9596774193548387,0.0101991816738039,0.95,0.948842727225339,overlap_status,overlap,q0.95,uniform_grid,particle
193,0.9430051813471503,0.016687684221036437,0.95,-0.4191605354104216,info_stratum,Q1,q0.95,uniform_grid,particle
225,0.9644444444444444,0.012345283944296095,0.95,1.1700374417972188,info_stratum,Q2,q0.95,uniform_grid,particle
169,0.9408284023668639,0.018149660480088193,0.95,-0.5053316365448315,info_stratum,Q3,q0.95,uniform_grid,particle
13,0.9230769230769231,0.07390530175619404,0.95,-0.36429154990657203,info_stratum,Q4,q0.95,uniform_grid,particle
203,0.9507389162561576,0.015189189403652272,0.95,0.04864751083951557,ess_stratum,Q1,q0.95,uniform_grid,particle
206,0.9466019417475728,0.015664365847810943,0.95,-0.21692919365146127,ess_stratum,Q2,q0.95,uniform_grid,particle
145,0.9448275862068966,0.018960652278417953,0.95,-0.2727972496489968,ess_stratum,Q3,q0.95,uniform_grid,particle
46,0.9782608695652174,0.02150153717594957,0.95,1.3143650769689386,ess_stratum,Q4,q0.95,uniform_grid,particle
228,0.9254385964912281,0.01739656154465816,0.95,-1.4118539141037207,overlap_status,no_overlap,q0.99,uniform_grid,particle
372,0.9650537634408602,0.009521480682139512,0.95,1.581031768420041,overlap_status,overlap,q0.99,uniform_grid,particle
193,0.9533678756476683,0.015177288959467456,0.95,0.2219023210708216,info_stratum,Q1,q0.99,uniform_grid,particle
225,0.9555555555555556,0.013738694067401037,0.95,0.40437289951290084,info_stratum,Q2,q0.99,uniform_grid,particle
169,0.9408284023668639,0.018149660480088193,0.95,-0.5053316365448315,info_stratum,Q3,q0.99,uniform_grid,particle
13,0.9230769230769231,0.07390530175619404,0.95,-0.36429154990657203,info_stratum,Q4,q0.99,uniform_grid,particle
203,0.9556650246305419,0.014447012974451792,0.95,0.392124284830369,ess_stratum,Q1,q0.99,uniform_grid,particle
206,0.9368932038834952,0.016941407937790608,0.95,-0.7736544781067404,ess_stratum,Q2,q0.99,uniform_grid,particle
145,0.9517241379310345,0.017800678640775572,0.95,0.0968579887221323,ess_stratum,Q3,q0.99,uniform_grid,particle
46,0.9782608695652174,0.02150153717594957,0.95,1.3143650769689386,ess_stratum,Q4,q0.99,uniform_grid,particle
14,0.7857142857142857,0.10966421051124836,0.95,-1.4980795787415377,overlap_status,no_overlap,mu,entropy_vector,ref
586,0.9488054607508533,0.009104405639477368,0.95,-0.1312045284941049,overlap_status,overlap,mu,entropy_vector,ref
107,0.9439252336448598,0.022241324452375952,0.95,-0.27312970359061534,info_stratum,Q1,mu,entropy_vector,ref
75,0.92,0.03132624033192194,0.95,-0.9576635971035897,info_stratum,Q2,mu,entropy_vector,ref
131,0.9541984732824428,0.01826516871820695,0.95,0.22986227760698077,info_stratum,Q3,mu,entropy_vector,ref
287,0.9477351916376306,0.013137333848969614,0.95,-0.1723948244298398,info_stratum,Q4,mu,entropy_vector,ref
97,0.9072164948453608,0.0294581174512516,0.95,-1.4523502808840003,ess_stratum,Q1,mu,entropy_vector,ref
94,0.9468085106382979,0.023146654282653962,0.95,-0.1378812385897947,ess_stratum,Q2,mu,entropy_vector,ref
155,0.9806451612903225,0.011065852423530408,0.95,2.769344838284556,ess_stratum,Q3,mu,entropy_vector,ref
254,0.937007874015748,0.015243963313808537,0.95,-0.8522800610837985,ess_stratum,Q4,mu,entropy_vector,ref
14,0.9285714285714286,0.06883029368995938,0.95,-0.31132471299766146,overlap_status,no_overlap,sigma,entropy_vector,ref
586,0.9522184300341296,0.008811496866389625,0.95,0.2517654001094436,overlap_status,overlap,sigma,entropy_vector,ref
107,0.9906542056074766,0.009302019939262133,0.95,4.3704707013024855,info_stratum,Q1,sigma,entropy_vector,ref
75,0.9066666666666666,0.03359012200478434,0.95,-1.2900618023108472,info_stratum,Q2,sigma,entropy_vector,ref
131,0.9694656488549618,0.015032281940708794,0.95,1.2949230816544939,info_stratum,Q3,sigma,entropy_vector,ref
287,0.9407665505226481,0.013934246776976966,0.95,-0.6626443197925784,info_stratum,Q4,sigma,entropy_vector,ref
97,0.9587628865979382,0.020188956325901238,0.95,0.4340435660210904,ess_stratum,Q1,sigma,entropy_vector,ref
94,0.9361702127659575,0.025213038145123257,0.95,-0.5485172851617435,ess_stratum,Q2,sigma,entropy_vector,ref
155,0.967741935483871,0.014191656292389021,0.95,1.2501666555570425,ess_stratum,Q3,sigma,entropy_vector,ref
254,0.9448818897637795,0.014319210179276667,0.95,-0.35742964675716365,ess_stratum,Q4,sigma,entropy_vector,ref
14,0.7857142857142857,0.10966421051124836,0.95,-1.4980795787415377,overlap_status,no_overlap,q0.5,entropy_vector,ref
586,0.9488054607508533,0.009104405639477368,0.95,-0.1312045284941049,overlap_status,overlap,q0.5,entropy_vector,ref
107,0.9439252336448598,0.022241324452375952,0.95,-0.27312970359061534,info_stratum,Q1,q0.5,entropy_vector,ref
75,0.92,0.03132624033192194,0.95,-0.9576635971035897,info_stratum,Q2,q0.5,entropy_vector,ref
131,0.9541984732824428,0.01826516871820695,0.95,0.22986227760698077,info_stratum,Q3,q0.5,entropy_vector,ref
287,0.9477351916376306,0.013137333848969614,0.95,-0.1723948244298398,info_stratum,Q4,q0.5,entropy_vector,ref
97,0.9072164948453608,0.0294581174512516,0.95,-1.4523502808840003,ess_stratum,Q1,q0.5,entropy_vector,ref
94,0.9468085106382979,0.023146654282653962,0.95,-0.1378812385897947,ess_stratum,Q2,q0.5,entropy_vector,ref
155,0.9806451612903225,0.011065852423530408,0.95,2.769344838284556,ess_stratum,Q3,q0.5,entropy_vector,ref
254,0.937007874015748,0.015243963313808537,0.95,-0.8522800610837985,ess_stratum,Q4,q0.5,entropy_vector,ref
14,0.8571428571428571,0.09352195295828246,0.95,-0.9928914005737652,overlap_status,no_overlap,q0.95,entropy_vector,ref
586,0.9556313993174061,0.008506174023146473,0.95,0.6620366926519937,overlap_status,overlap,q0.95,entropy_vector,ref
107,0.9719626168224299,0.015958851386924617,0.95,1.3762028538234479,info_stratum,Q1,q0.95,entropy_vector,ref
75,0.9466666666666667,0.025945812478802534,0.95,-0.12847288309266086,info_stratum,Q2,q0.95,entropy_vector,ref
131,0.9694656488549618,0.015032281940708794,0.95,1.2949230816544939,info_stratum,Q3,q0.95,entropy_vector,ref
287,0.9407665505226481,0.013934246776976966,0.95,-0.6626443197925784,info_stratum,Q4,q0.95,entropy_vector,ref
97,0.9484536082474226,0.022450256869438828,0.95,-0.0688808044188747,ess_stratum,Q1,q0.95,entropy_vector,ref
94,0.9468085106382979,0.023146654282653962,0.95,-0.1378812385897947,ess_stratum,Q2,q0.95,entropy_vector,ref
155,0.9612903225806452,0.01549427330077134,0.95,0.7286771287352444,ess_stratum,Q3,q0.95,entropy_vector,ref
254,0.952755905511811,0.013312135548104318,0.95,0.20702204404788296,ess_stratum,Q4,q0.95,entropy_vector,ref
14,0.9285714285714286,0.06883029368995938,0.95,-0.31132471299766146,overlap_status,no_overlap,q0.99,entropy_vector,ref
586,0.9556313993174061,0.008506174023146473,0.95,0.6620366926519937,overlap_status,overlap,q0.99,entropy_vector,ref
107,0.9626168224299065,0.018338885606247482,0.95,0.6879819581626283,info_stratum,Q1,q0.99,entropy_vector,ref
75,0.9333333333333333,0.028803291992923818,0.95,-0.5786375623578427,info_stratum,Q2,q0.99,entropy_vector,ref
131,0.9618320610687023,0.01674030364646457,0.95,0.7068008632687631,info_stratum,Q3,q0.99,entropy_vector,ref
287,0.9547038327526133,0.012275073817001447,0.95,0.38320199313981607,info_stratum,Q4,q0.99,entropy_vector,ref
97,0.9587628865979382,0.020188956325901238,0.95,0.4340435660210904,ess_stratum,Q1,q0.99,entropy_vector,ref
94,0.9468085106382979,0.023146654282653962,0.95,-0.1378812385897947,ess_stratum,Q2,q0.99,entropy_vector,ref
155,0.9548387096774194,0.016679473221932483,0.95,0.2900996699977784,ess_stratum,Q3,q0.99,entropy_vector,ref
254,0.9566929133858267,0.012771705757854725,0.95,0.5240422471924374,ess_stratum,Q4,q0.99,entropy_vector,ref
14,0.7857142857142857,0.10966421051124836,0.95,-1.4980795787415377,overlap_status,no_overlap,mu,entropy_vector,particle
586,0.9488054607508533,0.009104405639477368,0.95,-0.1312045284941049,overlap_status,overlap,mu,entropy_vector,particle
107,0.9439252336448598,0.022241324452375952,0.95,-0.27312970359061534,info_stratum,Q1,mu,entropy_vector,particle
75,0.92,0.03132624033192194,0.95,-0.9576635971035897,info_stratum,Q2,mu,entropy_vector,particle
131,0.9541984732824428,0.01826516871820695,0.95,0.22986227760698077,info_stratum,Q3,mu,entropy_vector,particle
287,0.9477351916376306,0.013137333848969614,0.95,-0.1723948244298398,info_stratum,Q4,mu,entropy_vector,particle
97,0.9072164948453608,0.0294581174512516,0.95,-1.4523502808840003,ess_stratum,Q1,mu,entropy_vector,particle
94,0.9468085106382979,0.023146654282653962,0.95,-0.1378812385897947,ess_stratum,Q2,mu,entropy_vector,particle
155,0.9806451612903225,0.011065852423530408,0.95,2.769344838284556,ess_stratum,Q3,mu,entropy_vector,particle
254,0.937007874015748,0.015243963313808537,0.95,-0.8522800610837985,ess_stratum,Q4,mu,entropy_vector,particle
14,0.42857142857142855,0.13226001425322162,0.95,-3.9424505915314483,overlap_status,no_overlap,sigma,entropy_vector,particle
586,0.9419795221843004,0.009657452335574149,0.95,-0.8304962361714583,overlap_status,overlap,sigma,entropy_vector,particle
107,0.9719626168224299,0.015958851386924617,0.95,1.3762028538234479,info_stratum,Q1,sigma,entropy_vector,particle
75,0.9066666666666666,0.03359012200478434,0.95,-1.2900618023108472,info_stratum,Q2,sigma,entropy_vector,particle
131,0.9694656488549618,0.015032281940708794,0.95,1.2949230816544939,info_stratum,Q3,sigma,entropy_vector,particle
287,0.9024390243902439,0.017514835090581757,0.95,-2.7154680797040998,info_stratum,Q4,sigma,entropy_vector,particle
97,0.8247422680412371,0.03860218189274741,0.95,-3.24483554600048,ess_stratum,Q1,sigma,entropy_vector,particle
94,0.9468085106382979,0.023146654282653962,0.95,-0.1378812385897947,ess_stratum,Q2,sigma,entropy_vector,particle
155,0.9548387096774194,0.016679473221932483,0.95,0.2900996699977784,ess_stratum,Q3,sigma,entropy_vector,particle
254,0.9488188976377953,0.013827052840312585,0.95,-0.0854196751719363,ess_stratum,Q4,sigma,entropy_vector,particle
14,0.7857142857142857,0.10966421051124836,0.95,-1.4980795787415377,overlap_status,no_overlap,q0.5,entropy_vector,particle
586,0.9488054607508533,0.009104405639477368,0.95,-0.1312045284941049,overlap_status,overlap,q0.5,entropy_vector,particle
107,0.9439252336448598,0.022241324452375952,0.95,-0.27312970359061534,info_stratum,Q1,q0.5,entropy_vector,particle
75,0.92,0.03132624033192194,0.95,-0.9576635971035897,info_stratum,Q2,q0.5,entropy_vector,particle
131,0.9541984732824428,0.01826516871820695,0.95,0.22986227760698077,info_stratum,Q3,q0.5,entropy_vector,particle
287,0.9477351916376306,0.013137333848969614,0.95,-0.1723948244298398,info_stratum,Q4,q0.5,entropy_vector,particle
97,0.9072164948453608,0.0294581174512516,0.95,-1.4523502808840003,ess_stratum,Q1,q0.5,entropy_vector,particle
94,0.9468085106382979,0.023146654282653962,0.95,-0.1378812385897947,ess_stratum,Q2,q0.5,entropy_vector,particle
155,0.9806451612903225,0.011065852423530408,0.95,2.769344838284556,ess_stratum,Q3,q0.5,entropy_vector,particle
254,0.937007874015748,0.015243963313808537,0.95,-0.8522800610837985,ess_stratum,Q4,q0.5,entropy_vector,particle
14,0.5714285714285714,0.13226001425322165,0.95,-2.8623271417968046,overlap_status,no_overlap,q0.95,entropy_vector,particle
586,0.9539249146757679,0.008660468013092401,0.95,0.4531989114023031,overlap_status,overlap,q0.95,entropy_vector,particle
107,0.9719626168224299,0.015958851386924617,0.95,1.3762028538234479,info_stratum,Q1,q0.95,entropy_vector,particle
75,0.9466666666666667,0.025945812478802534,0.95,-0.12847288309266086,info_stratum,Q2,q0.95,entropy_vector,particle
131,0.9694656488549618,0.015032281940708794,0.95,1.2949230816544939,info_stratum,Q3,q0.95,entropy_vector,particle
287,0.9233449477351916,0.0157040414278476,0.95,-1.6973371082390034,info_stratum,Q4,q0.95,entropy_vector,particle
97,0.8969072164948454,0.030874648709435893,0.95,-1.7196238896453702,ess_stratum,Q1,q0.95,entropy_vector,particle
94,0.9468085106382979,0.023146654282653962,0.95,-0.1378812385897947,ess_stratum,Q2,q0.95,entropy_vector,particle
155,0.9612903225806452,0.01549427330077134,0.95,0.7286771287352444,ess_stratum,Q3,q0.95,entropy_vector,particle
254,0.952755905511811,0.013312135548104318,0.95,0.20702204404788296,ess_stratum,Q4,q0.95,entropy_vector,particle
14,0.5714285714285714,0.13226001425322165,0.95,-2.8623271417968046,overlap_status,no_overlap,q0.99,entropy_vector,particle
586,0.947098976109215,0.009246575379528523,0.95,-0.3137403602643717,overlap_status,overlap,q0.99,entropy_vector,particle
107,0.9532710280373832,0.020403723121389748,0.95,0.16031525314878017,info_stratum,Q1,q0.99,entropy_vector,particle
75,0.9333333333333333,0.028803291992923818,0.95,-0.5786375623578427,info_stratum,Q2,q0.99,entropy_vector,particle
131,0.9694656488549618,0.015032281940708794,0.95,1.2949230816544939,info_stratum,Q3,q0.99,entropy_vector,particle
287,0.9198606271777003,0.016026660469501974,0.95,-1.8805772343934977,info_stratum,Q4,q0.99,entropy_vector,particle
97,0.865979381443299,0.0345902513467411,0.95,-2.429025962097177,ess_stratum,Q1,q0.99,entropy_vector,particle
94,0.9361702127659575,0.025213038145123257,0.95,-0.5485172851617435,ess_stratum,Q2,q0.99,entropy_vector,particle
155,0.9548387096774194,0.016679473221932483,0.95,0.2900996699977784,ess_stratum,Q3,q0.99,entropy_vector,particle
254,0.9566929133858267,0.012771705757854725,0.95,0.5240422471924374,ess_stratum,Q4,q0.99,entropy_vector,particle
