n,target_p,stimulus_r,stimulus_x,utility,vector_mi,is_argmax,argmax_r,quad_density_integral,quad_empty_windows,post_mu_median,post_sigma_median,ess
5,0.5,0.02,18.351535611736168,0.022232539237438287,0.0627846353285118,False,0.7,1.000422951398451,0,27.83659932754935,4.719076982534774,6870.314380996091
5,0.5,0.06,20.70793354874318,0.02843603899126701,0.07200050986809242,False,0.7,1.000422951398451,0,27.83659932754935,4.719076982534774,6870.314380996091
5,0.5,0.1,21.980999331995903,0.03276461867720093,0.0748694129775403,False,0.7,1.000422951398451,0,27.83659932754935,4.719076982534774,6870.314380996091
5,0.5,0.14,22.921759522495297,0.03661064052588203,0.0753207738060217,False,0.7,1.000422951398451,0,27.83659932754935,4.719076982534774,6870.314380996091
5,0.5,0.18,23.668422984388698,0.040171426720143566,0.07461197879830672,False,0.7,1.000422951398451,0,27.83659932754935,4.719076982534774,6870.314380996091
5,0.5,0.22,24.30168827667126,0.04361500433466858,0.07352180318874113,False,0.7,1.000422951398451,0,27.83659932754935,4.719076982534774,6870.314380996091
5,0.5,0.26,24.87529739119726,0.04709890570043951,0.07252932273894963,False,0.7,1.000422951398451,0,27.83659932754935,4.719076982534774,6870.314380996091
5,0.5,0.3,25.4137017019257,0.05066224510857209,0.07199895159261682,False,0.7,1.000422951398451,0,27.83659932754935,4.719076982534774,6870.314380996091
5,0.5,0.34,25.934670180219072,0.054302089009945265,0.07222512163175143,False,0.7,1.000422951398451,0,27.83659932754935,4.719076982534774,6870.314380996091
5,0.5,0.38,26.42583059457804,0.05779058700783546,0.07337968888646285,False,0.7,1.000422951398451,0,27.83659932754935,4.719076982534774,6870.314380996091
5,0.5,0.42,26.89625855093871,0.06105837919932611,0.0755055561107485,False,0.7,1.000422951398451,0,27.83659932754935,4.719076982534774,6870.314380996091
5,0.5,0.46,27.38670318838566,0.06425757785166208,0.07883158427077275,False,0.7,1.000422951398451,0,27.83659932754935,4.719076982534774,6870.314380996091
5,0.5,0.5,27.836740702881258,0.06689965311613988,0.08278677174771898,False,0.7,1.000422951398451,0,27.83659932754935,4.719076982534774,6870.314380996091
5,0.5,0.54,28.31187323926025,0.06928304054612677,0.0876524027675546,False,0.7,1.000422951398451,0,27.83659932754935,4.719076982534774,6870.314380996091
5,0.5,0.58,28.809011445547387,0.07123528077869601,0.0930964201000799,False,0.7,1.000422951398451,0,27.83659932754935,4.719076982534774,6870.314380996091
5,0.5,0.62,29.286745541530603,0.07252448366491493,0.09822583078168101,False,0.7,1.000422951398451,0,27.83659932754935,4.719076982534774,6870.314380996091
5,0.5,0.66,29.774204088774955,0.07322267242619207,0.10296057413795978,False,0.7,1.000422951398451,0,27.83659932754935,4.719076982534774,6870.314380996091
5,0.5,0.7,30.3118329402365,0.07329368169797423,0.10727395118686978,True,0.7,1.000422951398451,0,27.83659932754935,4.719076982534774,6870.314380996091
5,0.5,0.74,30.87506245183881,0.07265718809305366,0.11058734922330349,False,0.7,1.000422951398451,0,27.83659932754935,4.719076982534774,6870.314380996091
5,0.5,0.78,31.48690913435065,0.07126542507221229,0.11276087822781033,False,0.7,1.000422951398451,0,27.83659932754935,4.719076982534774,6870.314380996091
5,0.5,0.82,32.181513994627295,0.06898087355001509,0.11356104218399904,False,0.7,1.000422951398451,0,27.83659932754935,4.719076982534774,6870.314380996091
5,0.5,0.86,33.00320599752479,0.06557716313818956,0.11256437991947033,False,0.7,1.000422951398451,0,27.83659932754935,4.719076982534774,6870.314380996091
5,0.5,0.9,33.97200411830268,0.06097051494474093,0.10933211315712649,False,0.7,1.000422951398451,0,27.83659932754935,4.719076982534774,6870.314380996091
5,0.5,0.94,35.28061390183042,0.05437641886788652,0.10271716378991674,False,0.7,1.000422951398451,0,27.83659932754935,4.719076982534774,6870.314380996091
5,0.5,0.98,37.6738633283146,0.04297328149120849,0.08792353563914465,False,0.7,1.000422951398451,0,27.83659932754935,4.719076982534774,6870.314380996091
5,0.9,0.02,18.351535611736168,0.013314336969081908,0.0627846353285118,False,0.86,1.0049250340049862,0,27.83659932754935,4.719076982534774,6870.314380996091
5,0.9,0.06,20.70793354874318,0.009171086461751354,0.07200050986809242,False,0.86,1.0049250340049862,0,27.83659932754935,4.719076982534774,6870.314380996091
5,0.9,0.1,21.980999331995903,0.006124696906215699,0.0748694129775403,False,0.86,1.0049250340049862,0,27.83659932754935,4.719076982534774,6870.314380996091
5,0.9,0.14,22.921759522495297,0.004043112177179897,0.0753207738060217,False,0.86,1.0049250340049862,0,27.83659932754935,4.719076982534774,6870.314380996091
5,0.9,0.18,23.668422984388698,0.0030604652636788687,0.07461197879830672,False,0.86,1.0049250340049862,0,27.83659932754935,4.719076982534774,6870.314380996091
5,0.9,0.22,24.30168827667126,0.003202739764250895,0.07352180318874113,False,0.86,1.0049250340049862,0,27.83659932754935,4.719076982534774,6870.314380996091
5,0.9,0.26,24.87529739119726,0.004537684119778396,0.07252932273894963,False,0.86,1.0049250340049862,0,27.83659932754935,4.719076982534774,6870.314380996091
5,0.9,0.3,25.4137017019257,0.00717217885591015,0.07199895159261682,False,0.86,1.0049250340049862,0,27.83659932754935,4.719076982534774,6870.314380996091
5,0.9,0.34,25.934670180219072,0.011224429302208905,0.07222512163175143,False,0.86,1.0049250340049862,0,27.83659932754935,4.719076982534774,6870.314380996091
5,0.9,0.38,26.42583059457804,0.016494424198687074,0.07337968888646285,False,0.86,1.0049250340049862,0,27.83659932754935,4.719076982534774,6870.314380996091
5,0.9,0.42,26.89625855093871,0.022826946691424155,0.0755055561107485,False,0.86,1.0049250340049862,0,27.83659932754935,4.719076982534774,6870.314380996091
5,0.9,0.46,27.38670318838566,0.03059128709140546,0.07883158427077275,False,0.86,1.0049250340049862,0,27.83659932754935,4.719076982534774,6870.314380996091
5,0.9,0.5,27.836740702881258,0.038480600511601626,0.08278677174771898,False,0.86,1.0049250340049862,0,27.83659932754935,4.719076982534774,6870.314380996091
5,0.9,0.54,28.31187323926025,0.04720423798189721,0.0876524027675546,False,0.86,1.0049250340049862,0,27.83659932754935,4.719076982534774,6870.314380996091
5,0.9,0.58,28.809011445547387,0.056265703242921905,0.0930964201000799,False,0.86,1.0049250340049862,0,27.83659932754935,4.719076982534774,6870.314380996091
5,0.9,0.62,29.286745541530603,0.0644487822556411,0.09822583078168101,False,0.86,1.0049250340049862,0,27.83659932754935,4.719076982534774,6870.314380996091
5,0.9,0.66,29.774204088774955,0.07190864986043466,0.10296057413795978,False,0.86,1.0049250340049862,0,27.83659932754935,4.719076982534774,6870.314380996091
5,0.9,0.7,30.3118329402365,0.07884074354092396,0.10727395118686978,False,0.86,1.0049250340049862,0,27.83659932754935,4.719076982534774,6870.314380996091
5,0.9,0.74,30.87506245183881,0.08454087570216473,0.11058734922330349,False,0.86,1.0049250340049862,0,27.83659932754935,4.719076982534774,6870.314380996091
5,0.9,0.78,31.48690913435065,0.08896860185525063,0.11276087822781033,False,0.86,1.0049250340049862,0,27.83659932754935,4.719076982534774,6870.314380996091
5,0.9,0.82,32.181513994627295,0.09197983841928042,0.11356104218399904,False,0.86,1.0049250340049862,0,27.83659932754935,4.719076982534774,6870.314380996091
5,0.9,0.86,33.00320599752479,0.09322089031229402,0.11256437991947033,True,0.86,1.0049250340049862,0,27.83659932754935,4.719076982534774,6870.314380996091
5,0.9,0.9,33.97200411830268,0.09222005244532033,0.10933211315712649,False,0.86,1.0049250340049862,0,27.83659932754935,4.719076982534774,6870.314380996091
5,0.9,0.94,35.28061390183042,0.08808327310150782,0.10271716378991674,False,0.86,1.0049250340049862,0,27.83659932754935,4.719076982534774,6870.314380996091
5,0.9,0.98,37.6738633283146,0.07670733527440393,0.08792353563914465,False,0.86,1.0049250340049862,0,27.83659932754935,4.719076982534774,6870.314380996091
5,0.95,0.02,18.351535611736168,0.01703559100289659,0.0627846353285118,False,0.86,1.0049043937794346,0,27.83659932754935,4.719076982534774,6870.314380996091
5,0.95,0.06,20.70793354874318,0.011962990549489516,0.07200050986809242,False,0.86,1.0049043937794346,0,27.83659932754935,4.719076982534774,6870.314380996091
5,0.95,0.1,21.980999331995903,0.007801934028727808,0.0748694129775403,False,0.86,1.0049043937794346,0,27.83659932754935,4.719076982534774,6870.314380996091
5,0.95,0.14,22.921759522495297,0.004572038022390645,0.0753207738060217,False,0.86,1.0049043937794346,0,27.83659932754935,4.719076982534774,6870.314380996091
5,0.95,0.18,23.668422984388698,0.002490652627051282,0.07461197879830672,False,0.86,1.0049043937794346,0,27.83659932754935,4.719076982534774,6870.314380996091
5,0.95,0.22,24.30168827667126,0.001596524611749861,0.07352180318874113,False,0.86,1.0049043937794346,0,27.83659932754935,4.719076982534774,6870.314380996091
5,0.95,0.26,24.87529739119726,0.0019457859447779002,0.07252932273894963,False,0.86,1.0049043937794346,0,27.83659932754935,4.719076982534774,6870.314380996091
5,0.95,0.3,25.4137017019257,0.0036624659589021835,0.07199895159261682,False,0.86,1.0049043937794346,0,27.83659932754935,4.719076982534774,6870.314380996091
5,0.95,0.34,25.934670180219072,0.00689307412439677,0.07222512163175143,False,0.86,1.0049043937794346,0,27.83659932754935,4.719076982534774,6870.314380996091
5,0.95,0.38,26.42583059457804,0.011507727487963137,0.07337968888646285,False,0.86,1.0049043937794346,0,27.83659932754935,4.719076982534774,6870.314380996091
5,0.95,0.42,26.89625855093871,0.017368039416719494,0.0755055561107485,False,0.86,1.0049043937794346,0,27.83659932754935,4.719076982534774,6870.314380996091
5,0.95,0.46,27.38670318838566,0.02483266962033126,0.07883158427077275,False,0.86,1.0049043937794346,0,27.83659932754935,4.719076982534774,6870.314380996091
5,0.95,0.5,27.836740702881258,0.03262684299803931,0.08278677174771898,False,0.86,1.0049043937794346,0,27.83659932754935,4.719076982534774,6870.314380996091
5,0.95,0.54,28.31187323926025,0.04142488578122405,0.0876524027675546,False,0.86,1.0049043937794346,0,27.83659932754935,4.719076982534774,6870.314380996091
5,0.95,0.58,28.809011445547387,0.05072765092980547,0.0930964201000799,False,0.86,1.0049043937794346,0,27.83659932754935,4.719076982534774,6870.314380996091
5,0.95,0.62,29.286745541530603,0.05926274077419147,0.09822583078168101,False,0.86,1.0049043937794346,0,27.83659932754935,4.719076982534774,6870.314380996091
5,0.95,0.66,29.774204088774955,0.06716138570745578,0.10296057413795978,False,0.86,1.0049043937794346,0,27.83659932754935,4.719076982534774,6870.314380996091
5,0.95,0.7,30.3118329402365,0.07462300079672102,0.10727395118686978,False,0.86,1.0049043937794346,0,27.83659932754935,4.719076982534774,6870.314380996091
5,0.95,0.74,30.87506245183881,0.08088345481852943,0.11058734922330349,False,0.86,1.0049043937794346,0,27.83659932754935,4.719076982534774,6870.314380996091
5,0.95,0.78,31.48690913435065,0.08588855812159202,0.11276087822781033,False,0.86,1.0049043937794346,0,27.83659932754935,4.719076982534774,6870.314380996091
5,0.95,0.82,32.181513994627295,0.08948955919958401,0.11356104218399904,False,0.86,1.0049043937794346,0,27.83659932754935,4.719076982534774,6870.314380996091
5,0.95,0.86,33.00320599752479,0.09132643179742245,0.11256437991947033,True,0.86,1.0049043937794346,0,27.83659932754935,4.719076982534774,6870.314380996091
5,0.95,0.9,33.97200411830268,0.09089390122478758,0.10933211315712649,False,0.86,1.0049043937794346,0,27.83659932754935,4.719076982534774,6870.314380996091
5,0.95,0.94,35.28061390183042,0.0873319823630524,0.10271716378991674,False,0.86,1.0049043937794346,0,27.83659932754935,4.719076982534774,6870.314380996091
5,0.95,0.98,37.6738633283146,0.07659544086574135,0.08792353563914465,False,0.86,1.0049043937794346,0,27.83659932754935,4.719076982534774,6870.314380996091
5,0.99,0.02,18.351535611736168,0.02059865047427767,0.0627846353285118,False,0.9,1.0078099740404143,0,27.83659932754935,4.719076982534774,6870.314380996091
5,0.99,0.06,20.70793354874318,0.014655092867163877,0.07200050986809242,False,0.9,1.0078099740404143,0,27.83659932754935,4.719076982534774,6870.314380996091
5,0.99,0.1,21.980999331995903,0.009222840856993986,0.0748694129775403,False,0.9,1.0078099740404143,0,27.83659932754935,4.719076982534774,6870.314380996091
5,0.99,0.14,22.921759522495297,0.004625320607005379,0.0753207738060217,False,0.9,1.0078099740404143,0,27.83659932754935,4.719076982534774,6870.314380996091
5,0.99,0.18,23.668422984388698,0.0012112128110349785,0.07461197879830672,False,0.9,1.0078099740404143,0,27.83659932754935,4.719076982534774,6870.314380996091
5,0.99,0.22,24.30168827667126,-0.0009673539152879052,0.07352180318874113,False,0.9,1.0078099740404143,0,27.83659932754935,4.719076982534774,6870.314380996091
5,0.99,0.26,24.87529739119726,-0.0018890259135211362,0.07252932273894963,False,0.9,1.0078099740404143,0,27.83659932754935,4.719076982534774,6870.314380996091
5,0.99,0.3,25.4137017019257,-0.0014374783867484586,0.07199895159261682,False,0.9,1.0078099740404143,0,27.83659932754935,4.719076982534774,6870.314380996091
5,0.99,0.34,25.934670180219072,0.0005405277757906113,0.07222512163175143,False,0.9,1.0078099740404143,0,27.83659932754935,4.719076982534774,6870.314380996091
5,0.99,0.38,26.42583059457804,0.004004977415180466,0.07337968888646285,False,0.9,1.0078099740404143,0,27.83659932754935,4.719076982534774,6870.314380996091
5,0.99,0.42,26.89625855093871,0.008857745176354737,0.0755055561107485,False,0.9,1.0078099740404143,0,27.83659932754935,4.719076982534774,6870.314380996091
5,0.99,0.46,27.38670318838566,0.015442270567250227,0.07883158427077275,False,0.9,1.0078099740404143,0,27.83659932754935,4.719076982534774,6870.314380996091
5,0.99,0.5,27.836740702881258,0.022634761107204637,0.08278677174771898,False,0.9,1.0078099740404143,0,27.83659932754935,4.719076982534774,6870.314380996091
5,0.99,0.54,28.31187323926025,0.031043527526758097,0.0876524027675546,False,0.9,1.0078099740404143,0,27.83659932754935,4.719076982534774,6870.314380996091
5,0.99,0.58,28.809011445547387,0.040212070551717716,0.0930964201000799,False,0.9,1.0078099740404143,0,27.83659932754935,4.719076982534774,6870.314380996091
5,0.99,0.62,29.286745541530603,0.04885385235423112,0.09822583078168101,False,0.9,1.0078099740404143,0,27.83659932754935,4.719076982534774,6870.314380996091
5,0.99,0.66,29.774204088774955,0.05704998506341308,0.10296057413795978,False,0.9,1.0078099740404143,0,27.83659932754935,4.719076982534774,6870.314380996091
5,0.99,0.7,30.3118329402365,0.06499129979348772,0.10727395118686978,False,0.9,1.0078099740404143,0,27.83659932754935,4.719076982534774,6870.314380996091
5,0.99,0.74,30.87506245183881,0.0718489327569195,0.11058734922330349,False,0.9,1.0078099740404143,0,27.83659932754935,4.719076982534774,6870.314380996091
5,0.99,0.78,31.48690913435065,0.07754022439020913,0.11276087822781033,False,0.9,1.0078099740404143,0,27.83659932754935,4.719076982534774,6870.314380996091
5,0.99,0.82,32.181513994627295,0.08190521710262694,0.11356104218399904,False,0.9,1.0078099740404143,0,27.83659932754935,4.719076982534774,6870.314380996091
5,0.99,0.86,33.00320599752479,0.08457823483213989,0.11256437991947033,False,0.9,1.0078099740404143,0,27.83659932754935,4.719076982534774,6870.314380996091
5,0.99,0.9,33.97200411830268,0.08501578827157297,0.10933211315712649,True,0.9,1.0078099740404143,0,27.83659932754935,4.719076982534774,6870.314380996091
5,0.99,0.94,35.28061390183042,0.08243994200857335,0.10271716378991674,False,0.9,1.0078099740404143,0,27.83659932754935,4.719076982534774,6870.314380996091
5,0.99,0.98,37.6738633283146,0.07303939621027988,0.08792353563914465,False,0.9,1.0078099740404143,0,27.83659932754935,4.719076982534774,6870.314380996091
15,0.5,0.02,19.35157314646131,0.020841312944144957,0.04514380296061507,False,0.42,0.9952919941519328,0,29.580902916466606,4.982906481945833,7008.442343174184
15,0.5,0.06,21.83734131308729,0.026504165631133225,0.05168997799681074,False,0.42,0.9952919941519328,0,29.580902916466606,4.982906481945833,7008.442343174184
15,0.5,0.1,23.196472985175237,0.029756064052203712,0.05291617802682952,False,0.42,0.9952919941519328,0,29.580902916466606,4.982906481945833,7008.442343174184
15,0.5,0.14,24.186543177138162,0.03206663707308044,0.052318038667756916,False,0.42,0.9952919941519328,0,29.580902916466606,4.982906481945833,7008.442343174184
15,0.5,0.18,25.001804771030304,0.03384661921168575,0.05085825425910567,False,0.42,0.9952919941519328,0,29.580902916466606,4.982906481945833,7008.442343174184
15,0.5,0.22,25.702708808187953,0.035220099285520834,0.04900765837517901,False,0.42,0.9952919941519328,0,29.580902916466606,4.982906481945833,7008.442343174184
15,0.5,0.26,26.337322508832983,0.036281533047048176,0.047008339622730766,False,0.42,0.9952919941519328,0,29.580902916466606,4.982906481945833,7008.442343174184
15,0.5,0.3,26.91876971061684,0.03705649568895353,0.04507268130680353,False,0.42,0.9952919941519328,0,29.580902916466606,4.982906481945833,7008.442343174184
15,0.5,0.34,27.47902178057723,0.03758846804274829,0.043286584504617864,False,0.42,0.9952919941519328,0,29.580902916466606,4.982906481945833,7008.442343174184
15,0.5,0.38,28.019951964041084,0.03787630088943239,0.04180229268118851,False,0.42,0.9952919941519328,0,29.580902916466606,4.982906481945833,7008.442343174184
15,0.5,0.42,28.54751744488625,0.03792782158001873,0.04072937469021076,True,0.42,0.9952919941519328,0,29.580902916466606,4.982906481945833,7008.442343174184
15,0.5,0.46,29.071076780499155,0.03774926453379113,0.04014707427188491,False,0.42,0.9952919941519328,0,29.580902916466606,4.982906481945833,7008.442343174184
15,0.5,0.5,29.580776452945738,0.037358124207263255,0.04011272537852906,False,0.42,0.9952919941519328,0,29.580902916466606,4.982906481945833,7008.442343174184
15,0.5,0.54,30.071978276154013,0.036786923847108466,0.040596199532381805,False,0.42,0.9952919941519328,0,29.580902916466606,4.982906481945833,7008.442343174184
15,0.5,0.58,30.580336777871057,0.03600924581379372,0.04160033206710234,False,0.42,0.9952919941519328,0,29.580902916466606,4.982906481945833,7008.442343174184
15,0.5,0.62,31.106414922979496,0.0350252909407367,0.04309604365963671,False,0.42,0.9952919941519328,0,29.580902916466606,4.982906481945833,7008.442343174184
15,0.5,0.66,31.64751062790512,0.03385111757579673,0.04498525580709345,False,0.42,0.9952919941519328,0,29.580902916466606,4.982906481945833,7008.442343174184
15,0.5,0.7,32.196633369100695,0.0325267378895463,0.04709835256704431,False,0.42,0.9952919941519328,0,29.580902916466606,4.982906481945833,7008.442343174184
15,0.5,0.74,32.808834687266916,0.030942307764373234,0.04947403175396914,False,0.42,0.9952919941519328,0,29.580902916466606,4.982906481945833,7008.442343174184
15,0.5,0.78,33.46973215395436,0.029169924051214324,0.051824836202193525,False,0.42,0.9952919941519328,0,29.580902916466606,4.982906481945833,7008.442343174184
15,0.5,0.82,34.17808182872347,0.027275554671582658,0.053873120950213405,False,0.42,0.9952919941519328,0,29.580902916466606,4.982906481945833,7008.442343174184
15,0.5,0.86,34.982104491598456,0.025214090785256604,0.05541803482480123,False,0.42,0.9952919941519328,0,29.580902916466606,4.982906481945833,7008.442343174184
15,0.5,0.9,35.9565903689948,0.02291876328957687,0.056058418491671924,False,0.42,0.9952919941519328,0,29.580902916466606,4.982906481945833,7008.442343174184
15,0.5,0.94,37.30245473197303,0.020151887894913623,0.054819526781185846,False,0.42,0.9952919941519328,0,29.580902916466606,4.982906481945833,7008.442343174184
15,0.5,0.98,39.755489280203626,0.016096118144277,0.04805823215837274,False,0.42,0.9952919941519328,0,29.580902916466606,4.982906481945833,7008.442343174184
15,0.9,0.02,19.35157314646131,0.010114186398828162,0.04514380296061507,False,0.94,1.0051910393478356,0,29.580902916466606,4.982906481945833,7008.442343174184
15,0.9,0.06,21.83734131308729,0.006685001311759142,0.05168997799681074,False,0.94,1.0051910393478356,0,29.580902916466606,4.982906481945833,7008.442343174184
15,0.9,0.1,23.196472985175237,0.004100760489434585,0.05291617802682952,False,0.94,1.0051910393478356,0,29.580902916466606,4.982906481945833,7008.442343174184
15,0.9,0.14,24.186543177138162,0.0022589453485695743,0.052318038667756916,False,0.94,1.0051910393478356,0,29.580902916466606,4.982906481945833,7008.442343174184
15,0.9,0.18,25.001804771030304,0.0010445272972727238,0.05085825425910567,False,0.94,1.0051910393478356,0,29.580902916466606,4.982906481945833,7008.442343174184
15,0.9,0.22,25.702708808187953,0.0004168962045285607,0.04900765837517901,False,0.94,1.0051910393478356,0,29.580902916466606,4.982906481945833,7008.442343174184
15,0.9,0.26,26.337322508832983,0.000324384441925174,0.047008339622730766,False,0.94,1.0051910393478356,0,29.580902916466606,4.982906481945833,7008.442343174184
15,0.9,0.3,26.91876971061684,0.0007374117416095727,0.04507268130680353,False,0.94,1.0051910393478356,0,29.580902916466606,4.982906481945833,7008.442343174184
15,0.9,0.34,27.47902178057723,0.0016570388458051477,0.043286584504617864,False,0.94,1.0051910393478356,0,29.580902916466606,4.982906481945833,7008.442343174184
15,0.9,0.38,28.019951964041084,0.003075441961654546,0.04180229268118851,False,0.94,1.0051910393478356,0,29.580902916466606,4.982906481945833,7008.442343174184
15,0.9,0.42,28.54751744488625,0.004979336481598651,0.04072937469021076,False,0.94,1.0051910393478356,0,29.580902916466606,4.982906481945833,7008.442343174184
15,0.9,0.46,29.071076780499155,0.0073679856570409985,0.04014707427188491,False,0.94,1.0051910393478356,0,29.580902916466606,4.982906481945833,7008.442343174184
15,0.9,0.5,29.580776452945738,0.010134113939348599,0.04011272537852906,False,0.94,1.0051910393478356,0,29.580902916466606,4.982906481945833,7008.442343174184
15,0.9,0.54,30.071978276154013,0.01315037408373576,0.040596199532381805,False,0.94,1.0051910393478356,0,29.580902916466606,4.982906481945833,7008.442343174184
15,0.9,0.58,30.580336777871057,0.01654589609114354,0.04160033206710234,False,0.94,1.0051910393478356,0,29.580902916466606,4.982906481945833,7008.442343174184
15,0.9,0.62,31.106414922979496,0.020234912888935863,0.04309604365963671,False,0.94,1.0051910393478356,0,29.580902916466606,4.982906481945833,7008.442343174184
15,0.9,0.66,31.64751062790512,0.024071118854465223,0.04498525580709345,False,0.94,1.0051910393478356,0,29.580902916466606,4.982906481945833,7008.442343174184
15,0.9,0.7,32.196633369100695,0.02785348226015627,0.04709835256704431,False,0.94,1.0051910393478356,0,29.580902916466606,4.982906481945833,7008.442343174184
15,0.9,0.74,32.808834687266916,0.03176452571067012,0.04947403175396914,False,0.94,1.0051910393478356,0,29.580902916466606,4.982906481945833,7008.442343174184
15,0.9,0.78,33.46973215395436,0.03545041587415321,0.051824836202193525,False,0.94,1.0051910393478356,0,29.580902916466606,4.982906481945833,7008.442343174184
15,0.9,0.82,34.17808182872347,0.038641011630120514,0.053873120950213405,False,0.94,1.0051910393478356,0,29.580902916466606,4.982906481945833,7008.442343174184
15,0.9,0.86,34.982104491598456,0.04122747708283997,0.05541803482480123,False,0.94,1.0051910393478356,0,29.580902916466606,4.982906481945833,7008.442343174184
15,0.9,0.9,35.9565903689948,0.04291640625924453,0.056058418491671924,False,0.94,1.0051910393478356,0,29.580902916466606,4.982906481945833,7008.442343174184
15,0.9,0.94,37.30245473197303,0.042993305944392324,0.054819526781185846,True,0.94,1.0051910393478356,0,29.580902916466606,4.982906481945833,7008.442343174184
15,0.9,0.98,39.755489280203626,0.038725143257906325,0.04805823215837274,False,0.94,1.0051910393478356,0,29.580902916466606,4.982906481945833,7008.442343174184
15,0.95,0.02,19.35157314646131,0.01180692887726087,0.04514380296061507,False,0.94,1.0078942946348797,0,29.580902916466606,4.982906481945833,7008.442343174184
15,0.95,0.06,21.83734131308729,0.0077225632827938595,0.05168997799681074,False,0.94,1.0078942946348797,0,29.580902916466606,4.982906481945833,7008.442343174184
15,0.95,0.1,23.196472985175237,0.004303131679838645,0.05291617802682952,False,0.94,1.0078942946348797,0,29.580902916466606,4.982906481945833,7008.442343174184
15,0.95,0.14,24.186543177138162,0.0016396053750046269,0.052318038667756916,False,0.94,1.0078942946348797,0,29.580902916466606,4.982906481945833,7008.442343174184
15,0.95,0.18,25.001804771030304,-0.00036541942323004006,0.05085825425910567,False,0.94,1.0078942946348797,0,29.580902916466606,4.982906481945833,7008.442343174184
15,0.95,0.22,25.702708808187953,-0.0017345478454239283,0.04900765837517901,False,0.94,1.0078942946348797,0,29.580902916466606,4.982906481945833,7008.442343174184
15,0.95,0.26,26.337322508832983,-0.0025267514392800505,0.047008339622730766,False,0.94,1.0078942946348797,0,29.580902916466606,4.982906481945833,7008.442343174184
15,0.95,0.3,26.91876971061684,-0.0027564549979064434,0.04507268130680353,False,0.94,1.0078942946348797,0,29.580902916466606,4.982906481945833,7008.442343174184
15,0.95,0.34,27.47902178057723,-0.0024337755236789604,0.043286584504617864,False,0.94,1.0078942946348797,0,29.580902916466606,4.982906481945833,7008.442343174184
15,0.95,0.38,28.019951964041084,-0.0015461833107872636,0.04180229268118851,False,0.94,1.0078942946348797,0,29.580902916466606,4.982906481945833,7008.442343174184
15,0.95,0.42,28.54751744488625,-9.274752051480206e-05,0.04072937469021076,False,0.94,1.0078942946348797,0,29.580902916466606,4.982906481945833,7008.442343174184
15,0.95,0.46,29.071076780499155,0.0019366777800576829,0.04014707427188491,False,0.94,1.0078942946348797,0,29.580902916466606,4.982906481945833,7008.442343174184
15,0.95,0.5,29.580776452945738,0.004454970365119881,0.04011272537852906,False,0.94,1.0078942946348797,0,29.580902916466606,4.982906481945833,7008.442343174184
15,0.95,0.54,30.071978276154013,0.007339395348535338,0.040596199532381805,False,0.94,1.0078942946348797,0,29.580902916466606,4.982906481945833,7008.442343174184
15,0.95,0.58,30.580336777871057,0.010715450057610543,0.04160033206710234,False,0.94,1.0078942946348797,0,29.580902916466606,4.982906481945833,7008.442343174184
15,0.95,0.62,31.106414922979496,0.014509281387146578,0.04309604365963671,False,0.94,1.0078942946348797,0,29.580902916466606,4.982906481945833,7008.442343174184
15,0.95,0.66,31.64751062790512,0.018577245379128082,0.04498525580709345,False,0.94,1.0078942946348797,0,29.580902916466606,4.982906481945833,7008.442343174184
15,0.95,0.7,32.196633369100695,0.022705753343508772,0.04709835256704431,False,0.94,1.0078942946348797,0,29.580902916466606,4.982906481945833,7008.442343174184
15,0.95,0.74,32.808834687266916,0.027103966722799577,0.04947403175396914,False,0.94,1.0078942946348797,0,29.580902916466606,4.982906481945833,7008.442343174184
15,0.95,0.78,33.46973215395436,0.03139067738825285,0.051824836202193525,False,0.94,1.0078942946348797,0,29.580902916466606,4.982906481945833,7008.442343174184
15,0.95,0.82,34.17808182872347,0.035255046067085294,0.053873120950213405,False,0.94,1.0078942946348797,0,29.580902916466606,4.982906481945833,7008.442343174184
15,0.95,0.86,34.982104491598456,0.03857723983854994,0.05541803482480123,False,0.94,1.0078942946348797,0,29.580902916466606,4.982906481945833,7008.442343174184
15,0.95,0.9,35.9565903689948,0.04104265665748119,0.056058418491671924,False,0.94,1.0078942946348797,0,29.580902916466606,4.982906481945833,7008.442343174184
15,0.95,0.94,37.30245473197303,0.041916053016932464,0.054819526781185846,True,0.94,1.0078942946348797,0,29.580902916466606,4.982906481945833,7008.442343174184
15,0.95,0.98,39.755489280203626,0.03838524941980723,0.04805823215837274,False,0.94,1.0078942946348797,0,29.580902916466606,4.982906481945833,7008.442343174184
15,0.99,0.02,19.35157314646131,0.017947685620880338,0.04514380296061507,False,0.94,1.0051365585173755,0,29.580902916466606,4.982906481945833,7008.442343174184
15,0.99,0.06,21.83734131308729,0.014084520853433202,0.05168997799681074,False,0.94,1.0051365585173755,0,29.580902916466606,4.982906481945833,7008.442343174184
15,0.99,0.1,23.196472985175237,0.0100651409989162,0.05291617802682952,False,0.94,1.0051365585173755,0,29.580902916466606,4.982906481945833,7008.442343174184
15,0.99,0.14,24.186543177138162,0.006543328729862186,0.052318038667756916,False,0.94,1.0051365585173755,0,29.580902916466606,4.982906481945833,7008.442343174184
15,0.99,0.18,25.001804771030304,0.003579866888987704,0.05085825425910567,False,0.94,1.0051365585173755,0,29.580902916466606,4.982906481945833,7008.442343174184
15,0.99,0.22,25.702708808187953,0.0012491461350581101,0.04900765837517901,False,0.94,1.0051365585173755,0,29.580902916466606,4.982906481945833,7008.442343174184
15,0.99,0.26,26.337322508832983,-0.00047523444281249994,0.047008339622730766,False,0.94,1.0051365585173755,0,29.580902916466606,4.982906481945833,7008.442343174184
15,0.99,0.3,26.91876971061684,-0.0015682580215713449,0.04507268130680353,False,0.94,1.0051365585173755,0,29.580902916466606,4.982906481945833,7008.442343174184
15,0.99,0.34,27.47902178057723,-0.0020509260822568764,0.043286584504617864,False,0.94,1.0051365585173755,0,29.580902916466606,4.982906481945833,7008.442343174184
15,0.99,0.38,28.019951964041084,-0.001889305737025504,0.04180229268118851,False,0.94,1.0051365585173755,0,29.580902916466606,4.982906481945833,7008.442343174184
15,0.99,0.42,28.54751744488625,-0.0010752055216172174,0.04072937469021076,False,0.94,1.0051365585173755,0,29.580902916466606,4.982906481945833,7008.442343174184
15,0.99,0.46,29.071076780499155,0.00040158402265288995,0.04014707427188491,False,0.94,1.0051365585173755,0,29.580902916466606,4.982906481945833,7008.442343174184
15,0.99,0.5,29.580776452945738,0.0024714270684979,0.04011272537852906,False,0.94,1.0051365585173755,0,29.580902916466606,4.982906481945833,7008.442343174184
15,0.99,0.54,30.071978276154013,0.005016284900789314,0.040596199532381805,False,0.94,1.0051365585173755,0,29.580902916466606,4.982906481945833,7008.442343174184
15,0.99,0.58,30.580336777871057,0.008144946606786108,0.04160033206710234,False,0.94,1.0051365585173755,0,29.580902916466606,4.982906481945833,7008.442343174184
15,0.99,0.62,31.106414922979496,0.011801359992387073,0.04309604365963671,False,0.94,1.0051365585173755,0,29.580902916466606,4.982906481945833,7008.442343174184
15,0.99,0.66,31.64751062790512,0.01585754176211107,0.04498525580709345,False,0.94,1.0051365585173755,0,29.580902916466606,4.982906481945833,7008.442343174184
15,0.99,0.7,32.196633369100695,0.020105209206838337,0.04709835256704431,False,0.94,1.0051365585173755,0,29.580902916466606,4.982906481945833,7008.442343174184
15,0.99,0.74,32.808834687266916,0.024776461414899975,0.04947403175396914,False,0.94,1.0051365585173755,0,29.580902916466606,4.982906481945833,7008.442343174184
15,0.99,0.78,33.46973215395436,0.02948962103553221,0.051824836202193525,False,0.94,1.0051365585173755,0,29.580902916466606,4.982906481945833,7008.442343174184
15,0.99,0.82,34.17808182872347,0.033907374040493654,0.053873120950213405,False,0.94,1.0051365585173755,0,29.580902916466606,4.982906481945833,7008.442343174184
15,0.99,0.86,34.982104491598456,0.03789907148525612,0.05541803482480123,False,0.94,1.0051365585173755,0,29.580902916466606,4.982906481945833,7008.442343174184
15,0.99,0.9,35.9565903689948,0.04112818222379133,0.056058418491671924,False,0.94,1.0051365585173755,0,29.580902916466606,4.982906481945833,7008.442343174184
15,0.99,0.94,37.30245473197303,0.04283251877315469,0.054819526781185846,True,0.94,1.0051365585173755,0,29.580902916466606,4.982906481945833,7008.442343174184
15,0.99,0.98,39.755489280203626,0.04008203465302124,0.04805823215837274,False,0.94,1.0051365585173755,0,29.580902916466606,4.982906481945833,7008.442343174184
30,0.5,0.02,22.54242382195836,0.013325473247912806,0.02418570916863802,False,0.38,0.9905439056986729,0,30.152178168696707,3.685589552854551,7908.539666667073
30,0.5,0.06,24.376167078253772,0.019212202104813336,0.030207494951530384,False,0.38,0.9905439056986729,0,30.152178168696707,3.685589552854551,7908.539666667073
30,0.5,0.1,25.40125262320885,0.022845855098796053,0.032128479052408454,False,0.38,0.9905439056986729,0,30.152178168696707,3.685589552854551,7908.539666667073
30,0.5,0.14,26.14120773115034,0.025395416678513916,0.032530688853272316,False,0.38,0.9905439056986729,0,30.152178168696707,3.685589552854551,7908.539666667073
30,0.5,0.18,26.75183587964997,0.027316729635410764,0.03220803788068721,False,0.38,0.9905439056986729,0,30.152178168696707,3.685589552854551,7908.539666667073
30,0.5,0.22,27.28032296265475,0.02875836206744209,0.03151167502615604,False,0.38,0.9905439056986729,0,30.152178168696707,3.685589552854551,7908.539666667073
30,0.5,0.26,27.76966337812838,0.029848033524624396,0.030620153760702262,False,0.38,0.9905439056986729,0,30.152178168696707,3.685589552854551,7908.539666667073
30,0.5,0.3,28.21116554901852,0.030587751059097057,0.02971654731805673,False,0.38,0.9905439056986729,0,30.152178168696707,3.685589552854551,7908.539666667073
30,0.5,0.34,28.629886278581445,0.031049102078676172,0.028871799965001888,False,0.38,0.9905439056986729,0,30.152178168696707,3.685589552854551,7908.539666667073
30,0.5,0.38,29.029249907308607,0.03125561121957032,0.028162948535682686,True,0.38,0.9905439056986729,0,30.152178168696707,3.685589552854551,7908.539666667073
30,0.5,0.42,29.411071287083427,0.03123325606230376,0.02764087290405992,False,0.38,0.9905439056986729,0,30.152178168696707,3.685589552854551,7908.539666667073
30,0.5,0.46,29.780876918836096,0.031007493819490417,0.027327249557928424,False,0.38,0.9905439056986729,0,30.152178168696707,3.685589552854551,7908.539666667073
30,0.5,0.5,30.152172750711618,0.030585824572762488,0.0272306991095439,False,0.38,0.9905439056986729,0,30.152178168696707,3.685589552854551,7908.539666667073
30,0.5,0.54,30.53156941817248,0.029966664589421654,0.02736692894178494,False,0.38,0.9905439056986729,0,30.152178168696707,3.685589552854551,7908.539666667073
30,0.5,0.58,30.90949339684499,0.029179985688157495,0.02772681158204071,False,0.38,0.9905439056986729,0,30.152178168696707,3.685589552854551,7908.539666667073
30,0.5,0.62,31.29158315100644,0.028236601906847403,0.028286372332051113,False,0.38,0.9905439056986729,0,30.152178168696707,3.685589552854551,7908.539666667073
30,0.5,0.66,31.689358829009223,0.027126229971731086,0.029026195981515346,False,0.38,0.9905439056986729,0,30.152178168696707,3.685589552854551,7908.539666667073
30,0.5,0.7,32.09968221583067,0.025878269771448026,0.02988769181010542,False,0.38,0.9905439056986729,0,30.152178168696707,3.685589552854551,7908.539666667073
30,0.5,0.74,32.54330442620403,0.024452783867965455,0.030840511367923873,False,0.38,0.9905439056986729,0,30.152178168696707,3.685589552854551,7908.539666667073
30,0.5,0.78,33.024461008845144,0.02286442721085702,0.0317875707216142,False,0.38,0.9905439056986729,0,30.152178168696707,3.685589552854551,7908.539666667073
30,0.5,0.82,33.54909251552575,0.02113449814864693,0.032591566646740344,False,0.38,0.9905439056986729,0,30.152178168696707,3.685589552854551,7908.539666667073
30,0.5,0.86,34.15959031754238,0.01918297675005065,0.033087047739822795,False,0.38,0.9905439056986729,0,30.152178168696707,3.685589552854551,7908.539666667073
30,0.5,0.9,34.90372401369552,0.016960014033194193,0.03291877379545172,False,0.38,0.9905439056986729,0,30.152178168696707,3.685589552854551,7908.539666667073
30,0.5,0.94,35.913884982769765,0.014286304963031793,0.031316555373506916,False,0.38,0.9905439056986729,0,30.152178168696707,3.685589552854551,7908.539666667073
30,0.5,0.98,37.743326048336804,0.010455395552505548,0.025534467795040233,False,0.38,0.9905439056986729,0,30.152178168696707,3.685589552854551,7908.539666667073
30,0.9,0.02,22.54242382195836,0.002448478923662095,0.02418570916863802,False,0.9,1.0054328893627733,0,30.152178168696707,3.685589552854551,7908.539666667073
30,0.9,0.06,24.376167078253772,0.0009517213656095591,0.030207494951530384,False,0.9,1.0054328893627733,0,30.152178168696707,3.685589552854551,7908.539666667073
30,0.9,0.1,25.40125262320885,6.16572161915574e-05,0.032128479052408454,False,0.9,1.0054328893627733,0,30.152178168696707,3.685589552854551,7908.539666667073
30,0.9,0.14,26.14120773115034,-0.0004022284452569469,0.032530688853272316,False,0.9,1.0054328893627733,0,30.152178168696707,3.685589552854551,7908.539666667073
30,0.9,0.18,26.75183587964997,-0.0005533687544790888,0.03220803788068721,False,0.9,1.0054328893627733,0,30.152178168696707,3.685589552854551,7908.539666667073
30,0.9,0.22,27.28032296265475,-0.00043475380345436854,0.03151167502615604,False,0.9,1.0054328893627733,0,30.152178168696707,3.685589552854551,7908.539666667073
30,0.9,0.26,27.76966337812838,-5.62599436418898e-05,0.030620153760702262,False,0.9,1.0054328893627733,0,30.152178168696707,3.685589552854551,7908.539666667073
30,0.9,0.3,28.21116554901852,0.0005525706104030359,0.02971654731805673,False,0.9,1.0054328893627733,0,30.152178168696707,3.685589552854551,7908.539666667073
30,0.9,0.34,28.629886278581445,0.0013962440004264831,0.028871799965001888,False,0.9,1.0054328893627733,0,30.152178168696707,3.685589552854551,7908.539666667073
30,0.9,0.38,29.029249907308607,0.0024603323578368252,0.028162948535682686,False,0.9,1.0054328893627733,0,30.152178168696707,3.685589552854551,7908.539666667073
30,0.9,0.42,29.411071287083427,0.003718100065459584,0.02764087290405992,False,0.9,1.0054328893627733,0,30.152178168696707,3.685589552854551,7908.539666667073
30,0.9,0.46,29.780876918836096,0.005150091757399888,0.027327249557928424,False,0.9,1.0054328893627733,0,30.152178168696707,3.685589552854551,7908.539666667073
30,0.9,0.5,30.152172750711618,0.006775425887724951,0.0272306991095439,False,0.9,1.0054328893627733,0,30.152178168696707,3.685589552854551,7908.539666667073
30,0.9,0.54,30.53156941817248,0.008591279658280215,0.02736692894178494,False,0.9,1.0054328893627733,0,30.152178168696707,3.685589552854551,7908.539666667073
30,0.9,0.58,30.90949339684499,0.010504283713040352,0.02772681158204071,False,0.9,1.0054328893627733,0,30.152178168696707,3.685589552854551,7908.539666667073
30,0.9,0.62,31.29158315100644,0.012482858262283125,0.028286372332051113,False,0.9,1.0054328893627733,0,30.152178168696707,3.685589552854551,7908.539666667073
30,0.9,0.66,31.689358829009223,0.014520165196419521,0.029026195981515346,False,0.9,1.0054328893627733,0,30.152178168696707,3.685589552854551,7908.539666667073
30,0.9,0.7,32.09968221583067,0.016523363249007383,0.02988769181010542,False,0.9,1.0054328893627733,0,30.152178168696707,3.685589552854551,7908.539666667073
30,0.9,0.74,32.54330442620403,0.018497763429995873,0.030840511367923873,False,0.9,1.0054328893627733,0,30.152178168696707,3.685589552854551,7908.539666667073
30,0.9,0.78,33.024461008845144,0.020335809209009126,0.0317875707216142,False,0.9,1.0054328893627733,0,30.152178168696707,3.685589552854551,7908.539666667073
30,0.9,0.82,33.54909251552575,0.021911133408812566,0.032591566646740344,False,0.9,1.0054328893627733,0,30.152178168696707,3.685589552854551,7908.539666667073
30,0.9,0.86,34.15959031754238,0.023131705004209968,0.033087047739822795,False,0.9,1.0054328893627733,0,30.152178168696707,3.685589552854551,7908.539666667073
30,0.9,0.9,34.90372401369552,0.023732181782165962,0.03291877379545172,True,0.9,1.0054328893627733,0,30.152178168696707,3.685589552854551,7908.539666667073
30,0.9,0.94,35.913884982769765,0.023175233685705343,0.031316555373506916,False,0.9,1.0054328893627733,0,30.152178168696707,3.685589552854551,7908.539666667073
30,0.9,0.98,37.743326048336804,0.01956972005302568,0.025534467795040233,False,0.9,1.0054328893627733,0,30.152178168696707,3.685589552854551,7908.539666667073
30,0.95,0.02,22.54242382195836,0.0033263277215145326,0.02418570916863802,False,0.94,1.008402205755498,0,30.152178168696707,3.685589552854551,7908.539666667073
30,0.95,0.06,24.376167078253772,0.0008864459278649095,0.030207494951530384,False,0.94,1.008402205755498,0,30.152178168696707,3.685589552854551,7908.539666667073
30,0.95,0.1,25.40125262320885,-0.000883715980969535,0.032128479052408454,False,0.94,1.008402205755498,0,30.152178168696707,3.685589552854551,7908.539666667073
30,0.95,0.14,26.14120773115034,-0.0020819357079909784,0.032530688853272316,False,0.94,1.008402205755498,0,30.152178168696707,3.685589552854551,7908.539666667073
30,0.95,0.18,26.75183587964997,-0.00284921884338446,0.03220803788068721,False,0.94,1.008402205755498,0,30.152178168696707,3.685589552854551,7908.539666667073
30,0.95,0.22,27.28032296265475,-0.0032371777515167732,0.03151167502615604,False,0.94,1.008402205755498,0,30.152178168696707,3.685589552854551,7908.539666667073
30,0.95,0.26,27.76966337812838,-0.0032850039819471988,0.030620153760702262,False,0.94,1.008402205755498,0,30.152178168696707,3.685589552854551,7908.539666667073
30,0.95,0.3,28.21116554901852,-0.0030156071866571654,0.02971654731805673,False,0.94,1.008402205755498,0,30.152178168696707,3.685589552854551,7908.539666667073
30,0.95,0.34,28.629886278581445,-0.0024505967432130182,0.028871799965001888,False,0.94,1.008402205755498,0,30.152178168696707,3.685589552854551,7908.539666667073
30,0.95,0.38,29.029249907308607,-0.001612562247932381,0.028162948535682686,False,0.94,1.008402205755498,0,30.152178168696707,3.685589552854551,7908.539666667073
30,0.95,0.42,29.411071287083427,-0.0005348751488910564,0.02764087290405992,False,0.94,1.008402205755498,0,30.152178168696707,3.685589552854551,7908.539666667073
30,0.95,0.46,29.780876918836096,0.0007568703065481408,0.027327249557928424,False,0.94,1.008402205755498,0,30.152178168696707,3.685589552854551,7908.539666667073
30,0.95,0.5,30.152172750711618,0.002277381278386059,0.0272306991095439,False,0.94,1.008402205755498,0,30.152178168696707,3.685589552854551,7908.539666667073
30,0.95,0.54,30.53156941817248,0.004027417718430404,0.02736692894178494,False,0.94,1.008402205755498,0,30.152178168696707,3.685589552854551,7908.539666667073
30,0.95,0.58,30.90949339684499,0.005921632704481317,0.02772681158204071,False,0.94,1.008402205755498,0,30.152178168696707,3.685589552854551,7908.539666667073
30,0.95,0.62,31.29158315100644,0.007933965987555025,0.028286372332051113,False,0.94,1.008402205755498,0,30.152178168696707,3.685589552854551,7908.539666667073
30,0.95,0.66,31.689358829009223,0.010066621714957424,0.029026195981515346,False,0.94,1.008402205755498,0,30.152178168696707,3.685589552854551,7908.539666667073
30,0.95,0.7,32.09968221583067,0.012232890806279428,0.02988769181010542,False,0.94,1.008402205755498,0,30.152178168696707,3.685589552854551,7908.539666667073
30,0.95,0.74,32.54330442620403,0.014451990166907347,0.030840511367923873,False,0.94,1.008402205755498,0,30.152178168696707,3.685589552854551,7908.539666667073
30,0.95,0.78,33.024461008845144,0.016621302030109142,0.0317875707216142,False,0.94,1.008402205755498,0,30.152178168696707,3.685589552854551,7908.539666667073
30,0.95,0.82,33.54909251552575,0.018610079699544757,0.032591566646740344,False,0.94,1.008402205755498,0,30.152178168696707,3.685589552854551,7908.539666667073
30,0.95,0.86,34.15959031754238,0.020338752468314347,0.033087047739822795,False,0.94,1.008402205755498,0,30.152178168696707,3.685589552854551,7908.539666667073
30,0.95,0.9,34.90372401369552,0.021535642930380905,0.03291877379545172,False,0.94,1.008402205755498,0,30.152178168696707,3.685589552854551,7908.539666667073
30,0.95,0.94,35.913884982769765,0.021660230366253252,0.031316555373506916,True,0.94,1.008402205755498,0,30.152178168696707,3.685589552854551,7908.539666667073
30,0.95,0.98,37.743326048336804,0.01883155308984666,0.025534467795040233,False,0.94,1.008402205755498,0,30.152178168696707,3.685589552854551,7908.539666667073
30,0.99,0.02,22.54242382195836,0.005991129166135728,0.02418570916863802,False,0.94,1.0073976342939668,0,30.152178168696707,3.685589552854551,7908.539666667073
30,0.99,0.06,24.376167078253772,0.003519036173748491,0.030207494951530384,False,0.94,1.0073976342939668,0,30.152178168696707,3.685589552854551,7908.539666667073
30,0.99,0.1,25.40125262320885,0.0013653252471133026,0.032128479052408454,False,0.94,1.0073976342939668,0,30.152178168696707,3.685589552854551,7908.539666667073
30,0.99,0.14,26.14120773115034,-0.00031241000242554495,0.032530688853272316,False,0.94,1.0073976342939668,0,30.152178168696707,3.685589552854551,7908.539666667073
30,0.99,0.18,26.75183587964997,-0.0016138463857817142,0.03220803788068721,False,0.94,1.0073976342939668,0,30.152178168696707,3.685589552854551,7908.539666667073
30,0.99,0.22,27.28032296265475,-0.0025621686433395796,0.03151167502615604,False,0.94,1.0073976342939668,0,30.152178168696707,3.685589552854551,7908.539666667073
30,0.99,0.26,27.76966337812838,-0.0031963274444148926,0.030620153760702262,False,0.94,1.0073976342939668,0,30.152178168696707,3.685589552854551,7908.539666667073
30,0.99,0.3,28.21116554901852,-0.0034912447344349617,0.02971654731805673,False,0.94,1.0073976342939668,0,30.152178168696707,3.685589552854551,7908.539666667073
30,0.99,0.34,28.629886278581445,-0.003468387359837899,0.028871799965001888,False,0.94,1.0073976342939668,0,30.152178168696707,3.685589552854551,7908.539666667073
30,0.99,0.38,29.029249907308607,-0.003129476293340261,0.028162948535682686,False,0.94,1.0073976342939668,0,30.152178168696707,3.685589552854551,7908.539666667073
30,0.99,0.42,29.411071287083427,-0.002490790042596225,0.02764087290405992,False,0.94,1.0073976342939668,0,30.152178168696707,3.685589552854551,7908.539666667073
30,0.99,0.46,29.780876918836096,-0.001570944551737008,0.027327249557928424,False,0.94,1.0073976342939668,0,30.152178168696707,3.685589552854551,7908.539666667073
30,0.99,0.5,30.152172750711618,-0.00035753300470120486,0.0272306991095439,False,0.94,1.0073976342939668,0,30.152178168696707,3.685589552854551,7908.539666667073
30,0.99,0.54,30.53156941817248,0.0011565731855204264,0.02736692894178494,False,0.94,1.0073976342939668,0,30.152178168696707,3.685589552854551,7908.539666667073
30,0.99,0.58,30.90949339684499,0.002898327297651937,0.02772681158204071,False,0.94,1.0073976342939668,0,30.152178168696707,3.685589552854551,7908.539666667073
30,0.99,0.62,31.29158315100644,0.004839970370137059,0.028286372332051113,False,0.94,1.0073976342939668,0,30.152178168696707,3.685589552854551,7908.539666667073
30,0.99,0.66,31.689358829009223,0.006983738564041664,0.029026195981515346,False,0.94,1.0073976342939668,0,30.152178168696707,3.685589552854551,7908.539666667073
30,0.99,0.7,32.09968221583067,0.00924391573227179,0.02988769181010542,False,0.94,1.0073976342939668,0,30.152178168696707,3.685589552854551,7908.539666667073
30,0.99,0.74,32.54330442620403,0.01164644368119716,0.030840511367923873,False,0.94,1.0073976342939668,0,30.152178168696707,3.685589552854551,7908.539666667073
30,0.99,0.78,33.024461008845144,0.014093359535171768,0.0317875707216142,False,0.94,1.0073976342939668,0,30.152178168696707,3.685589552854551,7908.539666667073
30,0.99,0.82,33.54909251552575,0.01645354976076835,0.032591566646740344,False,0.94,1.0073976342939668,0,30.152178168696707,3.685589552854551,7908.539666667073
30,0.99,0.86,34.15959031754238,0.018666954440614114,0.033087047739822795,False,0.94,1.0073976342939668,0,30.152178168696707,3.685589552854551,7908.539666667073
30,0.99,0.9,34.90372401369552,0.020468647259596018,0.03291877379545172,False,0.94,1.0073976342939668,0,30.152178168696707,3.685589552854551,7908.539666667073
30,0.99,0.94,35.913884982769765,0.021324881448556765,0.031316555373506916,True,0.94,1.0073976342939668,0,30.152178168696707,3.685589552854551,7908.539666667073
30,0.99,0.98,37.743326048336804,0.019319651057127185,0.025534467795040233,False,0.94,1.0073976342939668,0,30.152178168696707,3.685589552854551,7908.539666667073
