arm,mu_true,sigma_true,target,n,cov_particle,cov_reference,cov_diff,cov_diff_se
no_overlap,14.0,0.3,q0.5,160,0.9875,1.0,-0.0125,0.008810995846029103
no_overlap,14.0,0.3,q0.95,160,1.0,1.0,0.0,0.0
no_overlap,14.0,0.3,q0.99,160,1.0,1.0,0.0,0.0
no_overlap,14.0,0.6,q0.5,160,0.99375,1.0,-0.00625,0.0062499999999999995
no_overlap,14.0,0.6,q0.95,160,1.0,1.0,0.0,0.0
no_overlap,14.0,0.6,q0.99,160,0.99375,0.99375,0.0,0.0
no_overlap,14.0,1.2,q0.5,156,0.9935897435897436,1.0,-0.00641025641025641,0.006410256410256411
no_overlap,14.0,1.2,q0.95,156,0.9615384615384616,0.9743589743589743,-0.01282051282051282,0.009036180777415932
no_overlap,14.0,1.2,q0.99,156,0.9871794871794872,1.0,-0.01282051282051282,0.009036180777415932
no_overlap,18.0,0.3,q0.5,210,0.8809523809523809,0.9714285714285714,-0.09047619047619047,0.01984271279024388
no_overlap,18.0,0.3,q0.95,210,0.3476190476190476,0.9714285714285714,-0.6238095238095238,0.03350863645112524
no_overlap,18.0,0.3,q0.99,210,0.20952380952380953,0.9952380952380953,-0.7857142857142857,0.02838283622282237
no_overlap,22.0,0.3,q0.5,186,0.8978494623655914,0.978494623655914,-0.08064516129032258,0.02001911508841331
no_overlap,22.0,0.3,q0.95,186,0.5,0.9731182795698925,-0.4731182795698925,0.03670756407113268
no_overlap,22.0,0.3,q0.99,186,0.3333333333333333,0.9838709677419355,-0.6505376344086021,0.03505504710753769
no_overlap,26.0,0.3,q0.5,206,0.912621359223301,0.9854368932038835,-0.07281553398058252,0.019408593753583062
no_overlap,26.0,0.3,q0.95,206,0.41262135922330095,0.9902912621359223,-0.5776699029126213,0.03449760586825813
no_overlap,26.0,0.3,q0.99,206,0.2669902912621359,1.0,-0.7330097087378641,0.03089766552345811
no_overlap,30.0,0.3,q0.5,152,0.8552631578947368,0.9671052631578947,-0.1118421052631579,0.027294244534406972
no_overlap,30.0,0.3,q0.95,152,0.34868421052631576,0.993421052631579,-0.6447368421052632,0.03894734487013316
no_overlap,30.0,0.3,q0.99,152,0.25,0.993421052631579,-0.743421052631579,0.035541803680256875
no_overlap,34.0,0.3,q0.5,186,0.8763440860215054,0.989247311827957,-0.11290322580645161,0.023267665466578064
no_overlap,34.0,0.3,q0.95,186,0.45161290322580644,0.9838709677419355,-0.532258064516129,0.03668414616503557
no_overlap,34.0,0.3,q0.99,186,0.27419354838709675,0.9946236559139785,-0.7204301075268817,0.03299554168865909
no_overlap,38.0,0.3,q0.5,174,0.9022988505747126,0.9827586206896551,-0.08045977011494253,0.020680055945742397
no_overlap,38.0,0.3,q0.95,174,0.3505747126436782,0.9770114942528736,-0.6264367816091954,0.036778806118690624
no_overlap,38.0,0.3,q0.99,174,0.22988505747126436,0.9942528735632183,-0.764367816091954,0.032266023739324495
no_overlap,42.0,0.3,q0.5,206,0.8737864077669902,0.941747572815534,-0.06796116504854369,0.018877161702459656
no_overlap,42.0,0.3,q0.95,206,0.5,0.970873786407767,-0.470873786407767,0.03486221406020296
no_overlap,42.0,0.3,q0.99,206,0.3932038834951456,0.970873786407767,-0.5776699029126213,0.03449760586825813
no_overlap,46.0,0.3,q0.5,160,0.99375,1.0,-0.00625,0.006249999999999999
no_overlap,46.0,0.3,q0.95,160,0.5125,1.0,-0.4875,0.039640185918113975
no_overlap,46.0,0.3,q0.99,160,0.26875,1.0,-0.73125,0.03515674134876768
no_overlap,46.0,0.6,q0.5,160,0.98125,1.0,-0.01875,0.010757018332057744
no_overlap,46.0,0.6,q0.95,160,0.95625,1.0,-0.04375,0.016220946451227344
no_overlap,46.0,0.6,q0.99,160,0.925,1.0,-0.075,0.02088829228819295
no_overlap,46.0,1.2,q0.5,159,1.0,1.0,0.0,0.0
no_overlap,46.0,1.2,q0.95,159,1.0,1.0,0.0,0.0
no_overlap,46.0,1.2,q0.99,159,1.0,1.0,0.0,0.0
overlap_control,14.0,1.2,q0.5,4,1.0,1.0,0.0,0.0
overlap_control,14.0,1.2,q0.95,4,0.75,0.75,0.0,0.0
overlap_control,14.0,1.2,q0.99,4,0.75,0.75,0.0,0.0
overlap_control,18.0,0.3,q0.5,130,0.9769230769230769,0.9846153846153847,-0.007692307692307693,0.007692307692307693
overlap_control,18.0,0.3,q0.95,130,0.5307692307692308,0.8538461538461538,-0.3230769230769231,0.04117444688605597
overlap_control,18.0,0.3,q0.99,130,0.3769230769230769,0.8,-0.4230769230769231,0.0434984487148044
overlap_control,22.0,0.3,q0.5,154,0.948051948051948,0.9675324675324676,-0.01948051948051948,0.014481911599774057
overlap_control,22.0,0.3,q0.95,154,0.538961038961039,0.8636363636363636,-0.3246753246753247,0.03785604468377516
overlap_control,22.0,0.3,q0.99,154,0.4155844155844156,0.8376623376623377,-0.42207792207792205,0.039928706872358506
overlap_control,26.0,0.3,q0.5,134,0.9925373134328358,1.0,-0.007462686567164179,0.007462686567164181
overlap_control,26.0,0.3,q0.95,134,0.6194029850746269,0.835820895522388,-0.21641791044776118,0.037246039464429274
overlap_control,26.0,0.3,q0.99,134,0.4701492537313433,0.7985074626865671,-0.3283582089552239,0.04207623484946451
overlap_control,30.0,0.3,q0.5,152,0.9671052631578947,0.9868421052631579,-0.019736842105263157,0.011319355505772408
overlap_control,30.0,0.3,q0.95,152,0.5986842105263158,0.9210526315789473,-0.3223684210526316,0.0391638531898003
overlap_control,30.0,0.3,q0.99,152,0.48026315789473684,0.8881578947368421,-0.40789473684210525,0.03999309712777471
overlap_control,34.0,0.3,q0.5,154,0.9805194805194806,1.0,-0.01948051948051948,0.011173331005571083
overlap_control,34.0,0.3,q0.95,154,0.6493506493506493,0.8311688311688312,-0.18181818181818182,0.031181560935001604
overlap_control,34.0,0.3,q0.99,154,0.5194805194805194,0.8376623376623377,-0.3181818181818182,0.038766028668678565
overlap_control,38.0,0.3,q0.5,166,0.9939759036144579,0.9939759036144579,0.0,0.0
overlap_control,38.0,0.3,q0.95,166,0.6867469879518072,0.9096385542168675,-0.22289156626506024,0.033507946477148845
overlap_control,38.0,0.3,q0.99,166,0.572289156626506,0.8855421686746988,-0.3132530120481928,0.03710539904045754
overlap_control,42.0,0.3,q0.5,134,0.9552238805970149,0.9925373134328358,-0.03731343283582089,0.016434225374286397
overlap_control,42.0,0.3,q0.95,134,0.6417910447761194,0.8955223880597015,-0.2537313432835821,0.037731914327133714
overlap_control,42.0,0.3,q0.99,134,0.5149253731343284,0.8582089552238806,-0.34328358208955223,0.041170831009282184
overlap_control,46.0,1.2,q0.5,1,1.0,1.0,0.0,
overlap_control,46.0,1.2,q0.95,1,1.0,1.0,0.0,
overlap_control,46.0,1.2,q0.99,1,1.0,1.0,0.0,
