block,dgp,prior_name,scale,target,n_policies,physical,pseudo_min,pseudo_max,spread,spread_se,policy_at_min,policy_at_max,max_abs_pseudo_minus_physical,curve_scale_units
I,beta_cdf,cal,s3,q0.5,4,29.355858727356058,29.41565688307314,29.566995488601922,0.15133860552878176,0.007493433334660409,fixed_design,uniform_grid,0.21113676124586434,0.05044620184292725
I,beta_cdf,cal,s3,q0.95,4,36.2741309468711,35.94739206059102,36.19705304400636,0.24966098341533893,0.01372686412628137,uniform_grid,entropy_q0.95,0.32673888628007575,0.08322032780511297
I,beta_cdf,cal,s3,q0.99,4,38.92787333480589,38.59091212019543,38.96051511550888,0.36960299531344987,0.017848016883703764,uniform_grid,fixed_design,0.33696121461045436,0.12320099843781662
I,cloglog_0.5,cal,s3,q0.5,4,30.000000000018122,29.678980886762346,29.849122363502023,0.17014147673967628,0.012459683003255003,uniform_grid,fixed_design,0.32101911325577603,0.056713825579892095
I,cloglog_0.5,cal,s3,q0.95,4,34.33525179345518,34.50640783509501,34.993004688995825,0.48659685390081364,0.029712624288469866,entropy_q0.95,uniform_grid,0.6577528955406464,0.1621989513002712
I,cloglog_0.5,cal,s3,q0.99,4,36.19689957324815,36.488943400708166,37.19470616004407,0.7057627593359044,0.04071928975499672,entropy_q0.95,uniform_grid,0.9978065867959174,0.23525425311196813
I,cloglog_1.0,cal,s3,q0.5,4,30.000000000036525,29.363503097275057,29.699269762326338,0.33576666505128117,0.023281763560403793,uniform_grid,fixed_design,0.6364969027614684,0.11192222168376038
I,cloglog_1.0,cal,s3,q0.95,4,33.81468962342685,34.12121455614571,34.93621996072471,0.8150054045790043,0.06320430459465659,entropy_q0.95,uniform_grid,1.1215303372978624,0.27166846819300144
I,cloglog_1.0,cal,s3,q0.99,4,34.935329170425796,36.04825916660454,37.24510290378484,1.196843737180302,0.08180193216209944,entropy_q0.95,uniform_grid,2.3097737333590445,0.398947912393434
I,logistic_0.5,cal,s3,q0.5,4,30.0,29.9599672307167,30.003132949744455,0.04316571902775479,0.007477979729622109,entropy_q0.95,uniform_grid,0.04003276928330024,0.014388573009251596
I,logistic_0.5,cal,s3,q0.95,4,35.21198473697024,35.04898081197656,35.35845496934389,0.3094741573673261,0.009787263078262687,fixed_design,uniform_grid,0.16300392499367433,0.10315805245577536
I,logistic_0.5,cal,s3,q0.99,4,37.815574562163114,37.14070040630434,37.57726707995834,0.43656667365399926,0.012920695259976748,fixed_design,uniform_grid,0.6748741558587739,0.1455222245513331
I,logistic_1.0,cal,s3,q0.5,4,30.0,29.926082785404635,30.008918629194294,0.08283584378965969,0.013415781757502689,entropy_q0.95,uniform_grid,0.07391721459536527,0.027611947929886565
I,logistic_1.0,cal,s3,q0.95,4,35.53546049727342,35.1655766833173,35.73016833437302,0.5645916510557214,0.01578658071514496,fixed_design,uniform_grid,0.3698838139561218,0.1881972170185738
I,logistic_1.0,cal,s3,q0.99,4,38.638693004212946,37.30543464262868,38.100591268277086,0.7951566256484028,0.020793557098411696,fixed_design,uniform_grid,1.3332583615842637,0.2650522085494676
I,mixture_0.5,cal,s3,q0.5,4,30.0,29.999386768029886,30.00643772198493,0.007050953955044292,0.0012914696193116698,entropy_vector,entropy_q0.95,0.006437721984930533,0.002350317985014764
I,mixture_0.5,cal,s3,q0.95,4,34.86693113894355,34.86231501068055,34.901000556978154,0.03868554629760723,0.0009971943724307966,uniform_grid,fixed_design,0.03406941803460484,0.01289518209920241
I,mixture_0.5,cal,s3,q0.99,4,36.83034340505614,36.877055508051605,36.931628979973944,0.05457347192233897,0.0013209212399690256,uniform_grid,fixed_design,0.10128557491780299,0.01819115730744632
I,mixture_1.0,cal,s3,q0.5,4,30.0,29.999024621739586,30.012840468723695,0.01381584698410876,0.002339496682787072,uniform_grid,entropy_q0.95,0.012840468723695153,0.004605282328036253
I,mixture_1.0,cal,s3,q0.95,4,34.80142875995674,34.7877798619468,34.867612706192624,0.07983284424582138,0.00209515630578736,uniform_grid,fixed_design,0.06618394623588131,0.02661094808194046
I,mixture_1.0,cal,s3,q0.99,4,36.67843428513263,36.77185254382354,36.884458308007325,0.11260576418378321,0.0027856991957580365,uniform_grid,fixed_design,0.20602402287469346,0.037535254727927736
I,probit,cal,s3,q0.5,4,30.0,30.0,30.000000004525205,4.52520509952592e-09,1.1566600353012325e-08,entropy_q0.95,fixed_design,4.52520509952592e-09,1.5084016998419731e-09
I,probit,cal,s3,q0.95,4,34.93456088085442,34.9345608723468,34.93456088085442,8.507619497777341e-09,8.671918993296555e-09,fixed_design,entropy_q0.95,8.507619497777341e-09,2.8358731659257805e-09
I,probit,cal,s3,q0.99,4,36.979043622122525,36.97904360821516,36.979043622122525,1.390736770190415e-08,1.3587338313983864e-08,fixed_design,entropy_q0.95,1.390736770190415e-08,4.63578923396805e-09
I,robit_0.5,cal,s3,q0.5,4,30.0,29.889991806461257,30.016564854421794,0.12657304796053737,0.02053305317475107,entropy_q0.95,uniform_grid,0.11000819353874292,0.04219101598684579
I,robit_0.5,cal,s3,q0.95,4,35.57677973360848,35.16664789268194,36.15569578329894,0.9890478906170017,0.031966770249260285,fixed_design,uniform_grid,0.5789160496904557,0.32968263020566724
I,robit_0.5,cal,s3,q0.99,4,39.737825012389216,37.306948137171446,38.69925488278689,1.3923067456154428,0.04300897550550221,fixed_design,uniform_grid,2.43087687521777,0.4641022485384809
I,robit_1.0,cal,s3,q0.5,4,30.0,29.773570820872614,30.03724256623589,0.26367174536327553,0.03446237112538426,entropy_q0.95,uniform_grid,0.22642917912738625,0.0878905817877585
I,robit_1.0,cal,s3,q0.95,4,36.504586384524266,35.40822918928221,37.05308416476049,1.6448549754782817,0.037749727731474385,fixed_design,uniform_grid,1.0963571952420565,0.5482849918260939
I,robit_1.0,cal,s3,q0.99,4,42.55029017330671,37.64827898364791,39.95988122532707,2.3116022416791537,0.05025259156331534,fixed_design,uniform_grid,4.902011189658801,0.770534080559718
I,tail_0.5,cal,s3,q0.5,4,30.0,29.997145104408006,30.25007079445796,0.25292569004995613,0.024217131432623294,entropy_q0.95,uniform_grid,0.25007079445796165,0.08430856334998538
I,tail_0.5,cal,s3,q0.95,4,36.43456088085442,35.00775054685166,35.90793409181125,0.9001835449595887,0.029364615041454347,fixed_design,uniform_grid,1.4268103340027594,0.30006118165319623
I,tail_0.5,cal,s3,q0.99,4,39.91904362212253,37.0756167228333,38.266189914751045,1.1905731919177427,0.10167821105889155,fixed_design,entropy_q0.95,2.843426899289227,0.39685773063924756
I,tail_1.0,cal,s3,q0.5,4,30.0,29.93657064205625,30.487490070175618,0.5509194281193679,0.043631870745728225,entropy_q0.95,uniform_grid,0.4874900701756175,0.18363980937312263
I,tail_1.0,cal,s3,q0.95,4,37.93456088085442,35.04504426166157,36.92493975733778,1.8798954956762088,0.058061964243871424,fixed_design,uniform_grid,2.8895166191928467,0.6266318318920696
I,tail_1.0,cal,s3,q0.99,4,42.85904362212253,37.12482249033358,39.59209801132734,2.467275520993759,0.07920281430543051,fixed_design,uniform_grid,5.734221131788949,0.8224251736645863
II,beta_cdf,shifted,s3,q0.5,4,29.355858727356058,27.95132838943704,29.61793592067556,1.666607531238519,0.01995819925315883,fixed_design,entropy_q0.95,1.4045303379190166,0.5555358437461729
II,beta_cdf,shifted,s3,q0.95,4,36.2741309468711,32.368650639637735,36.14224666445563,3.7735960248178912,0.014006141196576354,fixed_design,entropy_q0.95,3.9054803072333613,1.2578653416059637
II,beta_cdf,shifted,s3,q0.99,4,38.92787333480589,34.198831545540585,38.845393111808576,4.646561566267991,0.024603274344101332,fixed_design,entropy_q0.95,4.7290417892653025,1.5488538554226636
II,probit_center,shifted,s3,q0.5,4,30.0,29.999999989205755,30.000000040132207,5.0926452388466714e-08,7.247058293480973e-09,entropy_vector,fixed_design,4.0132206891030364e-08,1.6975484129488905e-08
II,probit_center,shifted,s3,q0.95,4,34.93456088085442,34.93456087357655,34.93456094910805,7.553149572459006e-08,1.5001403163817104e-08,entropy_vector,fixed_design,6.825362675044744e-08,2.517716524153002e-08
II,probit_center,shifted,s3,q0.99,4,36.979043622122525,36.97904361630156,36.97904370202739,8.572582999022416e-08,1.946345824822361e-08,entropy_vector,fixed_design,7.99048649469114e-08,2.857527666340805e-08
II,probit_shift38,shifted,s3,q0.5,4,38.0,37.999999519285666,38.000000096765646,5.774799802793495e-07,5.5560168051843555e-08,fixed_design,entropy_q0.95,4.80714334116783e-07,1.9249332675978317e-07
II,probit_shift38,shifted,s3,q0.95,4,42.93456088085442,42.93456022387268,42.934561153067214,9.291945346490138e-07,1.4912996371902018e-07,fixed_design,entropy_q0.95,6.569817401214095e-07,3.0973151154967127e-07
II,probit_shift38,shifted,s3,q0.99,4,44.979043622122525,44.97904289210984,44.97904396702642,1.0749165824108786e-06,1.8839233644156128e-07,fixed_design,entropy_q0.95,7.300126867448853e-07,3.5830552747029287e-07
II,tail_1.0,shifted,s3,q0.5,4,30.0,30.000000040132207,30.117082837341307,0.11708279720910042,0.03040606997726192,fixed_design,entropy_vector,0.11708283734130731,0.03902759906970014
II,tail_1.0,shifted,s3,q0.95,4,37.93456088085442,34.93456094910805,35.81243505626231,0.8778741071542626,0.10685797585304413,fixed_design,entropy_q0.95,2.9999999317463732,0.2926247023847542
II,tail_1.0,shifted,s3,q0.99,4,42.85904362212253,36.97904370202739,38.19271519240573,1.2136714903783385,0.14148183486442126,fixed_design,entropy_q0.95,5.879999920095138,0.4045571634594462
Ib,cloglog_1.0,cal,s1.5,q0.5,2,30.00000000000299,29.64915371629005,29.71232416637096,0.06317045008090716,0.01430497703637759,entropy_vector,fixed_design,0.35084628371294,0.02105681669363572
Ib,cloglog_1.0,cal,s1.5,q0.95,2,31.907344810864267,32.22671958292767,32.31950523414604,0.0927856512183709,0.02629215913279093,entropy_vector,fixed_design,0.41216042328177593,0.030928550406123634
Ib,cloglog_1.0,cal,s1.5,q0.99,2,32.467664584118516,33.29465431026453,33.39971010447366,0.10505579420913591,0.03735229638876424,entropy_vector,fixed_design,0.9320455203551461,0.03501859806971197
Ib,cloglog_1.0,cal,s6.0,q0.5,2,30.00000000009181,29.018870571898297,29.820955730629642,0.8020851587313444,0.04828181230533682,entropy_vector,fixed_design,0.9811294281935119,0.2673617195771148
Ib,cloglog_1.0,cal,s6.0,q0.95,2,37.62937924766899,39.09106270853408,39.593942941500615,0.5028802329665325,0.08825971578348164,entropy_vector,fixed_design,1.9645636938316215,0.1676267443221775
Ib,cloglog_1.0,cal,s6.0,q0.99,2,39.87065834190087,43.26416412268111,43.643078045048064,0.3789139223669551,0.12645324108985728,entropy_vector,fixed_design,3.772419703147193,0.12630464078898504
Ib,probit,cal,s1.5,q0.5,2,30.0,29.999999994752415,29.999999995460907,7.084928199674323e-10,5.069999368089079e-09,entropy_vector,fixed_design,5.247585477263783e-09,2.361642733224774e-10
Ib,probit,cal,s1.5,q0.95,2,32.46728044042721,32.46728042708116,32.46728045023893,2.3157774364790384e-08,9.983604730533455e-09,entropy_vector,fixed_design,1.3346053151508386e-08,7.719258121596795e-09
Ib,probit,cal,s1.5,q0.99,2,33.48952181106126,33.48952179435986,33.4895218268188,3.245894220071932e-08,1.2555762533980302e-08,entropy_vector,fixed_design,1.6701399374596804e-08,1.0819647400239774e-08
Ib,probit,cal,s6.0,q0.5,2,30.0,29.99999999920178,30.00000005756231,5.8360530630352514e-08,2.5006330753451085e-08,entropy_vector,fixed_design,5.7562310473713296e-08,1.9453510210117504e-08
Ib,probit,cal,s6.0,q0.95,2,39.86912176170883,39.86912165907777,39.86912173671379,7.763601672650111e-08,6.854606955885833e-08,entropy_vector,fixed_design,1.0263106275942846e-07,2.5878672242167038e-08
Ib,probit,cal,s6.0,q0.99,2,43.95808724424504,43.95808709942269,43.95808718504491,8.562221864849562e-08,9.459275578059343e-08,entropy_vector,fixed_design,1.4482235144441802e-07,2.854073954949854e-08
Ib,tail_1.0,cal,s1.5,q0.5,2,30.0,30.13408419148532,30.14564217919922,0.01155798771389982,0.027114407108437405,entropy_vector,fixed_design,0.1456421791992213,0.00385266257129994
Ib,tail_1.0,cal,s1.5,q0.95,2,33.96728044042721,32.94551476456317,33.03709842220263,0.09158365763946108,0.08408539126180598,entropy_vector,fixed_design,1.0217656758640388,0.03052788587982036
Ib,tail_1.0,cal,s1.5,q0.99,2,36.429521811061264,34.110344102718166,34.235083922571775,0.12473981985360894,0.10780685755722724,entropy_vector,fixed_design,2.3191777083430978,0.04157993995120298
Ib,tail_1.0,cal,s6.0,q0.5,2,30.0,30.00000005756231,30.198408611666277,0.19840855410396685,0.033377298474644046,fixed_design,entropy_vector,0.19840861166627732,0.06613618470132228
Ib,tail_1.0,cal,s6.0,q0.95,2,45.86912176170883,39.86912173671379,40.72224434185647,0.8531226051426799,0.14648715313254643,fixed_design,entropy_vector,6.000000024995046,0.2843742017142266
Ib,tail_1.0,cal,s6.0,q0.99,2,55.71808724424505,43.95808718504491,45.082470315720435,1.1243831306755254,0.19392595623271802,fixed_design,entropy_vector,11.760000059200138,0.3747943768918418
Ic,cloglog_1.0,narrow,s3,q0.5,2,30.000000000036525,29.52952191561193,29.699269762326338,0.169747846714408,0.021681936136895587,entropy_vector,fixed_design,0.47047808442459527,0.05658261557146934
Ic,cloglog_1.0,narrow,s3,q0.95,2,33.81468962342685,34.49429923154395,34.52535920916726,0.031059977623314694,0.04205013341108367,entropy_vector,fixed_design,0.710669585740412,0.010353325874438232
Ic,cloglog_1.0,narrow,s3,q0.99,2,34.935329170425796,36.524900165316936,36.55130121849782,0.026401053180883594,0.057093922626301176,fixed_design,entropy_vector,1.6159720480720239,0.008800351060294531
Ic,cloglog_1.0,shifted,s3,q0.5,2,30.000000000036525,29.496677842106063,32.66756138414346,3.170883542037398,0.031570850338077626,entropy_vector,fixed_design,2.6675613841069357,1.0569611806791326
Ic,cloglog_1.0,shifted,s3,q0.95,2,33.81468962342685,34.72541632178159,42.198391194752695,7.472974872971108,0.06383794829096,entropy_vector,fixed_design,8.383701571325844,2.4909916243237027
Ic,cloglog_1.0,shifted,s3,q0.99,2,34.935329170425796,36.89178245615787,46.14719586617874,9.255413410020871,0.0858341857200169,entropy_vector,fixed_design,11.211866695752946,3.0851378033402903
Ic,probit,narrow,s3,q0.5,2,30.0,29.999999994602877,30.000000004525205,9.922327848244095e-09,5.672163863340634e-09,entropy_vector,fixed_design,5.397122748718175e-09,3.307442616081365e-09
Ic,probit,narrow,s3,q0.95,2,34.93456088085442,34.9345608723468,34.93456087721549,4.86868856341971e-09,1.2167303056910547e-08,fixed_design,entropy_vector,8.507619497777341e-09,1.62289618780657e-09
Ic,probit,narrow,s3,q0.99,2,36.979043622122525,36.97904360821516,36.97904361921204,1.0996885180247773e-08,1.596512271931469e-08,fixed_design,entropy_vector,1.390736770190415e-08,3.665628393415924e-09
Ic,probit,shifted,s3,q0.5,2,30.0,29.999999989205755,30.000000040132207,5.0926452388466714e-08,7.247058293480973e-09,entropy_vector,fixed_design,4.0132206891030364e-08,1.6975484129488905e-08
Ic,probit,shifted,s3,q0.95,2,34.93456088085442,34.93456087357655,34.93456094910805,7.553149572459006e-08,1.5001403163817104e-08,entropy_vector,fixed_design,6.825362675044744e-08,2.517716524153002e-08
Ic,probit,shifted,s3,q0.99,2,36.979043622122525,36.97904361630156,36.97904370202739,8.572582999022416e-08,1.946345824822361e-08,entropy_vector,fixed_design,7.99048649469114e-08,2.857527666340805e-08
Ic,tail_1.0,narrow,s3,q0.5,2,30.0,30.025294238390657,30.12815685646952,0.10286261807886277,0.026431249894479487,fixed_design,entropy_vector,0.1281568564695199,0.03428753935962092
Ic,tail_1.0,narrow,s3,q0.95,2,37.93456088085442,35.04504426166157,35.460203272498035,0.41515901083646156,0.0995194347181283,fixed_design,entropy_vector,2.8895166191928467,0.1383863369454872
Ic,tail_1.0,narrow,s3,q0.99,2,42.85904362212253,37.12482249033358,37.66937185637479,0.5445493660412097,0.1300369063157476,fixed_design,entropy_vector,5.734221131788949,0.18151645534706992
Ic,tail_1.0,shifted,s3,q0.5,2,30.0,30.000000040132207,30.117082837341307,0.11708279720910042,0.03040606997726192,fixed_design,entropy_vector,0.11708283734130731,0.03902759906970014
Ic,tail_1.0,shifted,s3,q0.95,2,37.93456088085442,34.93456094910805,35.36886291876024,0.43430196965219636,0.10465507160573723,fixed_design,entropy_vector,2.9999999317463732,0.1447673232173988
Ic,tail_1.0,shifted,s3,q0.99,2,42.85904362212253,36.97904370202739,37.544775628451546,0.5657319264241565,0.13563489942956225,fixed_design,entropy_vector,5.879999920095138,0.18857730880805215
